﻿Sitio,Profundidad,size_cm
CampoLima,Somero,14
CampoLima,Somero,16
CampoLima,Somero,15
CampoLima,Somero,11
CampoLima,Somero,12
CampoLima,Somero,10
CampoLima,Somero,9
CampoLima,Somero,12
CampoLima,Somero,10
CampoLima,Somero,9
CampoLima,Somero,11
CampoLima,Somero,11
CampoLima,Somero,12
CampoLima,Somero,12
CampoLima,Somero,14
CampoLima,Somero,11
CampoLima,Somero,13
CampoLima,Somero,9
CampoLima,Profundo,15
CampoLima,Profundo,14
CampoLima,Somero,11
CampoLima,Somero,14
CampoLima,Somero,12
CampoLima,Somero,11
CampoLima,Somero,12
CampoLima,Somero,11
CampoLima,Somero,16
CampoLima,Somero,16
CampoLima,Somero,13
CampoLima,Somero,12
CampoLima,Somero,16
CampoLima,Somero,11
CampoLima,Somero,12
CampoLima,Somero,11
CampoLima,Somero,10
CampoLima,Somero,11
CampoLima,Somero,14
CampoLima,Somero,13
CampoLima,Somero,12
CampoLima,Somero,11
CampoLima,Somero,12
CampoLima,Somero,14
CampoLima,Somero,15
CampoLima,Somero,11
CampoLima,Somero,12
CampoLima,Somero,11
CampoLima,Somero,14
CampoLima,Somero,16
CampoLima,Somero,13
Campo_Lima_Derrumbe,Profundo,13
Campo_Lima_Derrumbe,Profundo,12
Campo_Lima_Derrumbe,Profundo,13
Campo_Lima_Derrumbe,Somero,13
Campo_Lima_Derrumbe,Somero,12
Campo_Lima_Derrumbe,Somero,13
Campo_Lima_Derrumbe,Somero,14
Campo_Lima_Derrumbe,Somero,14
Campo_Lima_Derrumbe,Somero,13
Campo_Lima_Derrumbe,Somero,14
Campo_Lima_Derrumbe,Somero,11
Campo_Lima_Derrumbe,Somero,14
Campo_Lima_Derrumbe,Somero,13
Campo_Lima_Derrumbe,Somero,15
Campo_Lima_Derrumbe,Somero,11
Campo_Lima_Derrumbe,Somero,11
Campo_Lima_Derrumbe,Somero,13
Campo_Lima_Derrumbe,Somero,15
Campo_Lima_Derrumbe,Somero,15
Campo_Lima_Derrumbe,Somero,20
Campo_Lima_Derrumbe,Somero,17
Campo_Lima_Derrumbe,Somero,16
Campo_Lima_Derrumbe,Somero,17
Campo_Lima_Derrumbe,Somero,14
Campo_Lima_Derrumbe,Somero,15
Campo_Lima_Derrumbe,Profundo,14
Corrales ,Profundo,17
Corrales ,Profundo,15
Corrales ,Profundo,16
Corrales ,Somero,18
Corrales ,Somero,16
Corrales ,Somero,13
Corrales ,Somero,14
Corrales ,Somero,15
Corrales ,Somero,14
Corrales ,Somero,17
Corrales ,Profundo,9
Corrales ,Profundo,18
Corrales ,Profundo,16
Corrales ,Somero,12
Corrales ,Somero,16
Corrales ,Somero,11
Corrales ,Somero,13
Corrales ,Somero,12
Corrales ,Somero,16
Corrales ,Somero,15
Corrales ,Somero,13
Corrales ,Somero,12
Corrales ,Somero,12
Corrales ,Somero,11
Corrales ,Somero,14
Corrales ,Somero,15
Corrales ,Somero,12
Corrales ,Somero,17
Corrales ,Somero,15
Corrales ,Somero,9
Corrales ,Somero,14
Corrales ,Somero,13
Corrales ,Somero,13
Corrales ,Somero,11
Corrales ,Profundo,11
Corrales ,Profundo,15
Corrales ,Profundo,16
Corrales ,Profundo,16
Corrales ,Profundo,13
Capilla,Somero,16
Capilla,Somero,15
Capilla,Somero,15
Capilla,Somero,9
Costilla_Arroyo,Profundo,10
Costilla_Arroyo,Profundo,13
Costilla_Arroyo,Profundo,14
Costilla_Arroyo,Profundo,13
Costilla_Arroyo,Profundo,13
Costilla_Arroyo,Profundo,14
Costilla_Arroyo,Profundo,15
Costilla_Arroyo,Profundo,15
Costilla_Arroyo,Profundo,16
Costilla_Arroyo,Somero,13
Costilla_Arroyo,Somero,14
Costilla_Arroyo,Somero,14
Costilla_Arroyo,Somero,16
Costilla_Arroyo,Somero,10
Costilla_Arroyo,Somero,14
Costilla_Arroyo,Somero,15
Costilla_Arroyo,Somero,13
Costilla_Arroyo,Somero,13
Costilla_Cueva,Somero,15
Costilla_Cueva,Somero,12
Costilla_Cueva,Somero,12
Costilla_Cueva,Somero,12
Costilla_Cueva,Somero,13
Costilla_Cueva,Somero,12
Costilla_Cueva,Somero,14
Costilla_Cueva,Somero,13
Costilla_Cueva,Somero,14
Costilla_Cueva,Somero,15
Costilla_Cueva,Somero,16
Costilla_Cueva,Somero,16
Costilla_Cueva,Somero,16
Costilla_Cueva,Somero,17
Costilla_Cueva,Somero,13
Costilla_Cueva,Somero,11
Costilla_Cueva,Somero,12
Costilla_Cueva,Somero,11
Costilla_Cueva,Somero,13
Costilla_Cueva,Somero,13
Costilla_Cueva,Somero,13
Costilla_Cueva,Somero,12
Costilla_Cueva,Somero,13
Costilla_Cueva,Somero,14
Costilla_Cueva,Somero,13
Costilla_Cueva,Somero,14
Costilla_Cueva,Somero,12
Costilla_Cueva,Somero,15
Costilla_Cueva,Somero,14
Costilla_Cueva,Somero,14
Costilla_Cueva,Somero,14
Costilla_Cueva,Profundo,15
Costilla_Cueva,Profundo,12
Costilla_Cueva,Profundo,14
Costilla_Cueva,Profundo,13
Costilla_Cueva,Profundo,13
Costilla_Cueva,Profundo,15
Costilla_Cueva,Profundo,15
Costilla_Cueva,Profundo,12
Costilla_Cueva,Profundo,14
Costilla_Cueva,Profundo,11
Costilla_Cueva,Profundo,11
Costilla_Punta Norte,Profundo,13
Costilla_Punta Norte,Profundo,15
Costilla_Punta Norte,Profundo,11
Costilla_Punta Norte,Profundo,10
Costilla_Punta Norte,Somero,16
Costilla_Punta Norte,Somero,13
Costilla_Punta Norte,Somero,14
Costilla_Punta Norte,Somero,14
Costilla_Punta Norte,Somero,14
Costilla_Punta Norte,Somero,17
Costilla_Punta Norte,Somero,15
Costilla_Punta Norte,Somero,13
Costilla_Punta Norte,Somero,11
Costilla_Punta Norte,Somero,15
Costilla_Punta Norte,Somero,10
Costilla_Punta Norte,Somero,14
Costilla_Punta Norte,Somero,17
Costilla_Punta Norte,Somero,14
Costilla_Punta Norte,Somero,13
Costilla_Punta Norte,Somero,14
Costilla_Punta Norte,Somero,15
Costilla_Punta Norte,Somero,13
Costilla_Punta Norte,Somero,16
Costilla_Punta Norte,Somero,14
Costilla_Punta Norte,Somero,14
Costilla_Punta Norte,Somero,16
Costilla_Punta Norte,Somero,15
Costilla_Punta Norte,Somero,11
Costilla_Punta Norte,Somero,15
Costilla_Sur,Profundo,12
Costilla_Sur,Profundo,12
Costilla_Sur,Profundo,14
Costilla_Sur,Profundo,15
Costilla_Sur,Profundo,13
Costilla_Sur,Somero,11
Costilla_Sur,Somero,12
Costilla_Sur,Somero,15
Costilla_Sur,Somero,15
Costilla_Sur,Somero,14
Costilla_Sur,Somero,13
Costilla_Sur,Somero,16
Costilla_Sur,Somero,12
Mona,Profundo,14
Mona,Somero,14
Mona,Somero,13
Mona,Somero,15
Mona,Somero,16
Mona,Somero,16
Mona,Somero,15
Mona,Somero,17
Mona,Somero,14
Mona,Somero,16
Mona,Somero,13
Mona,Somero,11
Mona,Somero,12
Mona,Somero,13
Mona,Somero,14
Mona,Somero,16
Mona,Somero,11
Mona,Somero,13
Mona,Somero,15
Mona,Somero,14
Mona,Somero,15
Mona,Somero,17
Mona,Somero,15
Mona,Somero,15
Mona,Somero,14
Mona,Somero,13
Mona,Somero,15
Mona,Somero,17
Mona,Somero,15
Mona,Somero,13
Mona,Somero,12
Mona,Somero,14
Mona,Somero,15
Mona,Somero,13
Mona,Somero,14
Mona,Somero,14
Mona,Somero,16
Mona,Somero,6
Mona,Somero,13
Plancha,Somero,17
Plancha,Somero,16
Plancha,Somero,14
Plancha,Somero,17
Plancha,Somero,16
Plancha,Somero,17
Plancha,Somero,16
Plancha,Somero,17
Plancha,Somero,16
Plancha,Somero,17
Plancha,Somero,14
Plancha,Somero,17
Plancha,Somero,16
Plancha,Somero,16
Plancha,Somero,17
Plancha,Somero,5
Plancha,Somero,15
Plancha,Somero,17
Plancha,Somero,15
Plancha,Somero,16
Plancha,Somero,15
Plancha,Somero,18
Plancha,Somero,18
Plancha,Somero,17
Plancha,Somero,16
Plancha,Somero,18
Plancha,Somero,17
Plancha,Somero,16
Plancha,Somero,17
Plancha,Somero,16
Plancha,Somero,17
Plancha,Somero,18
Plancha,Somero,10
Plancha,Somero,9
Plancha,Somero,15
Plancha,Somero,13
Plancha,Somero,16
Plancha,Somero,15
Plancha,Somero,18
Plancha,Somero,17
Plancha,Somero,19
Plancha,Somero,11
Plancha,Somero,18
Plancha,Somero,17
Plancha,Somero,10
Plancha,Somero,15
Plancha,Somero,16
Plancha,Somero,18
Plancha,Somero,17
Plancha,Somero,18
Plancha,Somero,17
Plancha,Somero,16
Plancha,Somero,15
Plancha,Somero,16
Plancha,Somero,16
Plancha,Somero,14
Plancha,Somero,10
Plancha,Somero,13
Plancha,Somero,18
Plancha,Somero,16
Plancha,Somero,15
Plancha,Somero,16
Plancha,Somero,17
Plancha,Somero,16
Plancha,Somero,17
Plancha,Somero,15
Plancha,Somero,10
Plancha,Somero,16
Plancha,Somero,17
Plancha,Somero,18
Plancha,Somero,11
Plancha,Somero,17
Plancha,Somero,16
Plancha,Somero,16
Plancha,Somero,12
Plancha,Somero,16
Plancha,Somero,11
Plancha,Somero,17
Plancha,Somero,16
Plancha,Somero,16
Plancha,Somero,18
Plancha,Somero,10
Plancha,Somero,15
Plancha,Somero,14
Ventana,Profundo,15
Ventana,Profundo,11
Cristo_Rey,Profundo,16
Cristo_Rey,Profundo,16
Cristo_Rey,Profundo,15
Cristo_Rey,Profundo,15
Cristo_Rey,Profundo,16
Cristo_Rey,Profundo,15
Cristo_Rey,Profundo,14
Cristo_Rey,Profundo,14
Cristo_Rey,Profundo,13
Cristo_Rey,Profundo,15
Cristo_Rey,Profundo,15
Cristo_Rey,Profundo,14
Cristo_Rey,Profundo,14
Cristo_Rey,Profundo,13
Cristo_Rey,Profundo,14
Cristo_Rey,Profundo,14
Cristo_Rey,Profundo,15
Cerro_Alto,Somero,16
Cerro_Alto,Somero,15
Cerro_Alto,Somero,16
Cerro_Alto,Somero,12
Cerro_Alto,Somero,13
Cerro_Alto,Somero,14
Cerro_Alto,Somero,14
Cerro_Alto,Somero,13
Cerro_Alto,Somero,14
Cerro_Alto,Somero,12
Cerro_Alto,Somero,12
Cerro_Alto,Somero,13
Cerro_Alto,Somero,14
Cerro_Alto,Somero,12
Cerro_Alto,Somero,14
Cerro_Alto,Somero,11
Cerro_Alto,Somero,14
Cerro_Alto,Somero,13
Cerro_Alto,Somero,15
Cerro_Alto,Somero,17
Cerro_Alto,Somero,15
Cerro_Alto,Profundo,14
Cerro_Alto,Profundo,12
Cerro_Alto,Profundo,15
Cerro_Alto,Profundo,16
Cerro_Alto,Profundo,13
Cerro_Alto,Profundo,13
Cerro_Alto,Profundo,11
Cerro_Alto,Profundo,13
Cerro_Alto,Profundo,11
Cerro_Alto,Profundo,17
Cerro_Alto,Profundo,13
Cerro_Alto,Profundo,14
Cerro_Alto,Profundo,14
Cerro_Alto,Profundo,15
Cerro_Alto,Profundo,12
Cerro_Alto,Profundo,16
Cerro_Alto,Somero,13
Cerro_Alto,Somero,14
Cerro_Alto,Somero,11
Cerro_Alto,Somero,13
Cerro_Alto,Somero,6
Cerro_Alto,Somero,16
Cerro_Alto,Somero,14
Cerro_Alto,Somero,11
Cerro_Alto,Somero,7
Cerro_Alto,Somero,14
Cerro_Alto,Somero,13
Cerro_Alto,Somero,14
Cerro_Alto,Somero,12
Cerro_Alto,Somero,14
Cerro_Alto,Somero,13
Cerro_Alto,Somero,14
Cerro_Alto,Somero,13
Cerro_Alto,Somero,11
Cerro_Alto,Somero,16
Cerro_Alto,Somero,9
Cerro_Alto,Somero,12
Cerro_Alto,Somero,15
Cerro_Alto,Somero,17
Cerro_Alto,Somero,16
Cerro_Alto,Somero,11
Cerro_Alto,Somero,17
Cerro_Alto,Somero,14
Cerro_Alto,Somero,12
Cerro_Alto,Profundo,16
Cerro_Alto,Profundo,14
Cerro_Alto,Profundo,15
Cerro_Alto,Profundo,13
Cerro_Alto,Profundo,12
Cerro_Alto,Profundo,9
Cerro_Alto,Profundo,16
Cerro_Alto,Profundo,17
Cerro_Alto,Profundo,15
Cerro_Alto,Profundo,14
Cerro_Alto,Profundo,16
Cerro_Alto,Profundo,14
Cerro_Alto,Profundo,16
Cerro_Alto,Profundo,16
Arroyitos,Somero,13
Arroyitos,Somero,14
Arroyitos,Somero,13
Arroyitos,Somero,9
Arroyitos,Somero,12
Arroyitos,Somero,12
Arroyitos,Somero,11
Arroyitos,Somero,15
Arroyitos,Somero,13
Arroyitos,Somero,13
Arroyitos,Somero,13
Arroyitos,Somero,14
Arroyitos,Somero,12
Arroyitos,Somero,14
Arroyitos,Somero,14
Arroyitos,Somero,12
Arroyitos,Somero,13
Arroyitos,Somero,15
Arroyitos,Somero,11
Arroyitos,Somero,13
Arroyitos,Somero,13
Arroyitos,Somero,14
Arroyitos,Somero,13
Arroyitos,Somero,15
Arroyitos,Somero,14
Arroyitos,Somero,9
Arroyitos,Somero,12
Arroyitos,Somero,12
Arroyitos,Somero,11
Arroyitos,Somero,16
Arroyitos,Somero,12
Arroyitos,Somero,13
Arroyitos,Somero,13
Arroyitos,Somero,14
Arroyitos,Somero,13
Arroyitos,Somero,14
Arroyitos,Somero,11
Arroyitos,Somero,14
Arroyitos,Somero,13
Arroyitos,Somero,12
Arroyitos,Somero,14
Arroyitos,Somero,14
Arroyitos,Somero,13
Arroyitos,Somero,11
Arroyitos,Somero,10
Arroyitos,Somero,14
Arroyitos,Somero,14
Arroyitos,Somero,13
Arroyitos,Somero,15
Arroyitos,Somero,14
Arroyitos,Somero,11
Arroyitos,Somero,13
Arroyitos,Somero,9
Arroyitos,Somero,10
Arroyitos,Somero,12
Arroyitos,Somero,12
Arroyitos,Somero,12
Arroyitos,Somero,14
Arroyitos,Somero,10
Arroyitos,Somero,14
Arroyitos,Somero,12
Arroyitos,Somero,9
Arroyitos,Somero,11
Arroyitos,Somero,12
Arroyitos,Somero,9
Arroyitos,Somero,11
Arroyitos,Somero,12
Arroyitos,Somero,14
Arroyitos,Somero,12
Arroyitos,Somero,10
Arroyitos,Somero,9
Arroyitos,Somero,12
Arroyitos,Somero,13
Arroyitos,Somero,11
Arroyitos,Somero,12
Arroyitos,Somero,7
Arroyitos,Somero,7
Arroyitos,Somero,9
Arroyitos,Somero,11
Arroyitos,Somero,11
Arroyitos,Somero,11
Arroyitos,Somero,9
Arroyitos,Somero,12
Arroyitos,Somero,7
Arroyitos,Somero,12
Arroyitos,Somero,14
Arroyitos,Somero,13
Arroyitos,Somero,12
Arroyitos,Somero,12
Arroyitos,Somero,10
Arroyitos,Somero,11
Arroyitos,Somero,12
Arroyitos,Somero,12
Faro_Norte,Somero,13
Faro_Norte,Somero,13
Faro_Norte,Somero,15
Faro_Norte,Somero,7
Faro_Norte,Somero,9
Faro_Norte,Somero,10
Faro_Norte,Somero,9
Faro_Norte,Somero,7
Faro_Norte,Somero,8
Faro_Norte,Somero,7
Faro_Norte,Somero,7
Chango,Profundo,13
Chango,Profundo,11
Chango,Profundo,15
Chango,Profundo,13
Chango,Profundo,12
Chango,Profundo,13
Chango,Profundo,8
Chango,Profundo,11
Chango,Profundo,11
Chango,Profundo,16
Chango,Profundo,17
Chango,Somero,8
Chango,Somero,10
Chango,Somero,5
Chango,Somero,8
Chango,Somero,8
Chango,Somero,8
Chango,Somero,4
Chango,Somero,4
Chango,Somero,4
Chango,Somero,5
Chango,Somero,4
Chango,Somero,8
Chango,Somero,8
Chango,Somero,7
Chango,Somero,7
Chango,Somero,6
Chango,Somero,8
Chango,Somero,10
Chango,Somero,11
Chango,Somero,12
Chango,Somero,7
Chango,Somero,6
Chango,Somero,3
Chango,Somero,10
Chango,Somero,4
Chango,Somero,5
Chango,Somero,6
Chango,Profundo,11
Chango,Profundo,15
Chango,Profundo,13
Chango,Profundo,14
Chango,Profundo,13
Chango,Profundo,12
Chango,Profundo,13
Chango,Profundo,12
Chango,Profundo,11
Chango,Profundo,12
Chango,Somero,6
Chango,Somero,5
Chango,Somero,8
Chango,Somero,5
Chango,Somero,10
Chango,Somero,6
Chango,Somero,8
Chango,Somero,10
Chango,Somero,6
Chango,Somero,8
Chango,Somero,8
Chango,Somero,6
Chango,Somero,6
Chango,Somero,5
Chango,Somero,5
Chango,Somero,4
Chango,Somero,6
Chango,Somero,6
Chango,Somero,5
Chango,Somero,6
Chango,Somero,6
Chango,Somero,6
Chango,Somero,8
Chango,Somero,16
Chango,Somero,10
Chango,Somero,13
Chango,Somero,13
Chango,Somero,12
Chango,Somero,7
Chango,Somero,7
Chango,Somero,11
Chango,Somero,14
Chango,Somero,11
Chango,Somero,14
Chango,Somero,15
Chango,Somero,14
Chango,Somero,15
Chango,Somero,9
Chango,Somero,10
Chango,Somero,14
Chango,Somero,13
Chango,Somero,13
Chango,Somero,12
Chango,Somero,14
Chango,Somero,11
Vela,Profundo,12
Vela,Profundo,8
Vela,Profundo,15
Vela,Profundo,11
Vela,Profundo,14
Vela,Profundo,10
Vela,Profundo,11
Vela,Profundo,12
Vela,Profundo,13
Vela,Profundo,13
Vela,Profundo,13
Vela,Profundo,18
Vela,Profundo,13
Vela,Profundo,13
Vela,Profundo,18
Vela,Profundo,13
Vela,Profundo,15
Vela,Somero,16
Vela,Somero,13
Vela,Somero,15
Vela,Somero,10
Vela,Somero,10
Vela,Somero,13
Vela,Somero,11
Vela,Somero,10
Vela,Somero,14
Vela,Somero,13
Vela,Somero,14
Vela,Somero,13
Vela,Somero,10
Vela,Somero,13
Vela,Somero,13
Vela,Somero,18
Vela,Somero,16
Vela,Somero,15
Vela,Somero,15
Vela,Somero,13
Vela,Somero,15
Vela,Somero,18
Vela,Somero,14
Vela,Somero,13
Vela,Somero,12
Vela,Somero,12
Vela,Somero,18
Vela,Somero,12
Vela,Somero,13
Vela,Somero,11
Vela,Somero,13
Vela,Somero,11
Vela,Somero,13
Vela,Somero,15
Vela,Somero,12
Vela,Somero,13
Vela,Somero,13
Vela,Somero,12
Vela,Somero,13
Vela,Somero,13
Vela,Somero,13
Vela,Somero,13
Vela,Somero,13
Vela,Somero,13
Vela,Somero,16
Vela,Somero,15
Vela,Somero,13
Vela,Somero,10
Pucha,Profundo,13
Pucha,Profundo,13
Pucha,Profundo,12
Pucha,Profundo,14
Pucha,Profundo,13
Pucha,Profundo,13
Pucha,Profundo,13
Pucha,Profundo,14
Pucha,Profundo,12
Pucha,Profundo,11
Pucha,Profundo,13
Pucha,Profundo,14
Pucha,Profundo,13
Pucha,Profundo,14
Pucha,Profundo,13
Pucha,Profundo,13
Pucha,Profundo,13
Pucha,Profundo,17
Pucha,Profundo,15
Pucha,Profundo,13
Pucha,Profundo,14
Pucha,Profundo,13
Pucha,Profundo,12
Pucha,Profundo,12
Pucha,Profundo,14
Pucha,Profundo,14
Pucha,Profundo,13
Pucha,Profundo,10
Pucha,Profundo,13
Pucha,Profundo,14
Pucha,Profundo,12
Pucha,Profundo,13
Pucha,Profundo,13
Pucha,Profundo,12
Pucha,Profundo,12
Pucha,Profundo,14
Pucha,Profundo,13
Pucha,Profundo,10
Pucha,Profundo,14
Pucha,Profundo,13
Pucha,Profundo,13
Pucha,Profundo,13
Pucha,Profundo,11
Pucha,Profundo,12
Pucha,Profundo,14
Pucha,Profundo,12
Pucha,Profundo,14
Pucha,Profundo,13
Pucha,Profundo,13
Punta_Tiburon,Somero,8
Punta_Tiburon,Somero,14
Punta_Tiburon,Somero,10
Punta_Tiburon,Somero,14
Punta_Tiburon,Somero,12
Punta_Tiburon,Somero,11
Punta_Tiburon,Somero,13
Punta_Tiburon,Somero,12
Punta_Tiburon,Somero,11
Punta_Tiburon,Somero,10
Punta_Tiburon,Profundo,16
Punta_Tiburon,Profundo,13
Punta_Tiburon,Profundo,14
Punta_Tiburon,Profundo,12
Punta_Tiburon,Profundo,11
Punta_Tiburon,Profundo,14
Punta_Tiburon,Profundo,13
Punta_Tiburon,Profundo,9
Punta_Tiburon,Profundo,15
Punta_Tiburon,Profundo,10
Punta_Tiburon,Profundo,12
Punta_Tiburon,Profundo,13
Punta_Tiburon,Profundo,14
Punta_Tiburon,Profundo,13
Punta_Tiburon,Profundo,14
Punta_Tiburon,Profundo,12
Punta_Tiburon,Profundo,11
Punta_Tiburon,Profundo,12
Pulpo,Somero,15
Pulpo,Somero,14
Pulpo,Somero,15
Pulpo,Somero,14
Pulpo,Somero,13
Pulpo,Somero,16
Pulpo,Somero,12
Pulpo,Somero,13
Pulpo,Somero,14
Pulpo,Somero,15
Pulpo,Somero,10
Pulpo,Somero,12
Pulpo,Somero,15
Pulpo,Somero,13
Castillo,Somero,12
Castillo,Somero,11
Castillo,Somero,13
Castillo,Somero,14
Castillo,Somero,14
Castillo,Somero,10
Castillo,Somero,10
Castillo,Somero,13
Castillo,Somero,12
Castillo,Somero,10
Castillo,Somero,10
Castillo,Somero,14
Castillo,Somero,14
Castillo,Somero,13
Castillo,Somero,12
Castillo,Somero,11
Castillo,Somero,13
Castillo,Profundo,15
Castillo,Profundo,19
Castillo,Profundo,14
Castillo,Profundo,14
Castillo,Somero,15
Castillo,Somero,14
Castillo,Somero,14
Castillo,Somero,13
Castillo,Somero,14
Castillo,Somero,14
Castillo,Somero,12
Castillo,Somero,11
Castillo,Somero,14
Castillo,Somero,15
Castillo,Somero,16
Castillo,Somero,16
Castillo,Somero,15
Castillo,Somero,17
Castillo,Somero,15
Castillo,Somero,14
Basto,Somero,12
Basto,Somero,14
Basto,Somero,15
Basto,Somero,10
Basto,Somero,11
Basto,Somero,11
Basto,Somero,15
Basto,Somero,13
Basto,Profundo,12
Basto,Profundo,14
Basto,Profundo,11
Basto,Profundo,16
Basto,Profundo,15
Basto,Profundo,16
Basto,Profundo,13
Basto,Profundo,16
Basto,Somero,17
Basto,Somero,11
Basto,Somero,14
Basto,Somero,15
Basto,Somero,14
Basto,Somero,12
Basto,Somero,12
Basto,Somero,14
Basto,Somero,13
Punta_Norte,Somero,14
Punta_Norte,Somero,13
Punta_Norte,Somero,11
Punta_Norte,Somero,12
Punta_Norte,Somero,14
Punta_Norte,Somero,17
Punta_Norte,Somero,11
Punta_Norte,Somero,11
Punta_Norte,Somero,10
Punta_Norte,Somero,14
Punta_Norte,Somero,12
Punta_Norte,Somero,12
Punta_Norte,Somero,13
Punta_Norte,Somero,12
Punta_Norte,Somero,12
Punta_Norte,Profundo,18
Punta_Norte,Profundo,17
Punta_Norte,Profundo,13
Punta_Norte,Profundo,16
Punta_Norte,Profundo,16
Punta_Norte,Profundo,15
Punta_Norte,Profundo,17
Punta_Norte,Profundo,16
Punta_Norte,Profundo,15
Punta_Norte,Profundo,11
Punta_Norte,Profundo,14
Punta_Norte,Profundo,15
Elefantes,Profundo,14
Elefantes,Profundo,11
Elefantes,Somero,12
Elefantes,Somero,15
Elefantes,Somero,13
Elefantes,Somero,11
Elefantes,Somero,14
Elefantes,Somero,15
Elefantes,Somero,13
Elefantes,Somero,11
Elefantes,Somero,11
Elefantes,Somero,9
Elefantes,Somero,14
Elefantes,Somero,15
Elefantes,Somero,14
Elefantes,Somero,15
Elefantes,Somero,11
Elefantes,Somero,14
Elefantes,Somero,11
Elefantes,Somero,13
Elefantes,Somero,13
Elefantes,Somero,13
Elefantes,Somero,13
Elefantes,Somero,11
Elefantes,Somero,15
Elefantes,Somero,12
Elefantes,Somero,14
Elefantes,Somero,13
Elefantes,Somero,12
Elefantes,Somero,17
Elefantes,Somero,14
Elefantes,Somero,14
Elefantes,Somero,16
Elefantes,Somero,16
Elefantes,Somero,14
Elefantes,Somero,15
Elefantes,Somero,13
Elefantes,Somero,13
Elefantes,Somero,13
Elefantes,Somero,14
Elefantes,Somero,10
Elefantes,Somero,15
Elefantes,Somero,11
Elefantes,Somero,13
Elefantes,Somero,13
Elefantes,Somero,13
Elefantes,Somero,13
Elefantes,Somero,15
Elefantes,Somero,14
Elefantes,Somero,14
Elefantes,Somero,13
Elefantes,Somero,9
Elefantes,Somero,7
Elefantes,Somero,8
Elefantes,Somero,14
Elefantes,Somero,13
Elefantes,Somero,14
Elefantes,Somero,16
Elefantes,Somero,11
Segundo_Vapor,Profundo,14
Segundo_Vapor,Profundo,16
Segundo_Vapor,Profundo,11
Segundo_Vapor,Profundo,12
Segundo_Vapor,Profundo,14
Segundo_Vapor,Profundo,13
Segundo_Vapor,Profundo,14
Segundo_Vapor,Profundo,18
Segundo_Vapor,Profundo,14
Segundo_Vapor,Profundo,14
Segundo_Vapor,Profundo,11
Segundo_Vapor,Profundo,14
Segundo_Vapor,Somero,14
Segundo_Vapor,Somero,14
Segundo_Vapor,Somero,16
Segundo_Vapor,Somero,12
Cueva,Profundo,14
Cueva,Profundo,15
Cueva,Profundo,14
Cueva,Profundo,14
Cueva,Profundo,12
Cueva,Profundo,14
Cueva,Profundo,16
Cueva,Profundo,15
Cueva,Profundo,14
Cueva,Profundo,13
Cueva,Profundo,15
Cueva,Profundo,11
Cueva,Profundo,13
Cueva,Profundo,12
Cueva,Profundo,13
Cueva,Profundo,13
Cueva,Profundo,12
Cueva,Profundo,13
Cueva,Profundo,15
Cueva,Profundo,15
Cueva,Profundo,17
Cueva,Somero,12
Cueva,Somero,16
Cueva,Somero,14
Cueva,Somero,13
Cueva,Somero,8
Cueva,Somero,13
Cueva,Somero,14
Cueva,Somero,13
Cueva,Somero,15
Cueva,Somero,15
Cueva,Somero,14
Cueva,Somero,16
Cueva,Somero,14
Cueva,Somero,14
Cueva,Somero,12
Cueva,Somero,13
Cueva,Somero,14
Cueva,Somero,11
Cueva,Somero,10
Cueva,Somero,12
Dos_Reyes,Profundo,17
Dos_Reyes,Profundo,16
Dos_Reyes,Profundo,13
Dos_Reyes,Profundo,17
Dos_Reyes,Profundo,14
Dos_Reyes,Profundo,13
Dos_Reyes,Profundo,15
Dos_Reyes,Profundo,15
Dos_Reyes,Profundo,15
Dos_Reyes,Profundo,14
Dos_Reyes,Profundo,11
Dos_Reyes,Profundo,12
Dos_Reyes,Profundo,14
Dos_Reyes,Profundo,13
Dos_Reyes,Profundo,14
Dos_Reyes,Profundo,13
Dos_Reyes,Profundo,14
Dos_Reyes,Profundo,11
Dos_Reyes,Profundo,12
Dos_Reyes,Profundo,15
Dos_Reyes,Profundo,8
Dos_Reyes,Somero,14
Dos_Reyes,Somero,13
Dos_Reyes,Somero,11
Dos_Reyes,Somero,14
Dos_Reyes,Somero,13
Dos_Reyes,Somero,17
Dos_Reyes,Somero,11
Dos_Reyes,Somero,12
Dos_Reyes,Somero,11
Dos_Reyes,Somero,7
Dos_Reyes,Somero,9
Dos_Reyes,Somero,13
Dos_Reyes,Somero,11
Dos_Reyes,Somero,12
Dos_Reyes,Somero,13
Dos_Reyes,Somero,16
Dos_Reyes,Somero,15
Dos_Reyes,Somero,8
Dos_Reyes,Somero,13
Dos_Reyes,Somero,13
Faro_Oeste,Somero,13
Faro_Oeste,Somero,11
Faro_Oeste,Somero,13
Faro_Oeste,Somero,14
Faro_Oeste,Somero,10
Faro_Oeste,Somero,15
Faro_Oeste,Somero,15
Faro_Oeste,Somero,13
Faro_Oeste,Somero,14
Faro_Oeste,Somero,16
Faro_Oeste,Somero,15
Faro_Oeste,Somero,9
Faro_Oeste,Somero,12
Faro_Oeste,Profundo,13
Faro_Oeste,Profundo,10
Faro_Oeste,Profundo,16
Faro_Oeste,Profundo,11
Faro_Oeste,Profundo,15
Faro_Oeste,Profundo,13
Faro_Oeste,Profundo,14
Faro_Oeste,Profundo,13
Faro_Oeste,Profundo,15
Faro_Oeste,Profundo,14
Faro_Oeste,Profundo,14
Faro_Oeste,Profundo,12
Faro_Oeste,Profundo,9
Faro_Oeste,Profundo,9
Faro_Oeste,Profundo,10
Faro_Oeste,Profundo,7
Gallina,Somero,13
Gallina,Somero,14
Gallina,Somero,14
Gallina,Somero,17
Gallina,Somero,10
Gallina,Somero,12
Gallina,Profundo,11
Gallina,Profundo,16
Gallina,Profundo,12
Gallina,Profundo,16
Gallina,Profundo,13
Cortina,Somero,13
Cortina,Somero,15
Cortina,Somero,12
Cortina,Somero,11
Cortina,Somero,14
Cortina,Somero,13
Cortina,Profundo,9
Cortina,Profundo,14
Cortina,Profundo,14
Cortina,Profundo,12
Cortina,Profundo,12
Cortina,Profundo,7
Cortina,Profundo,15
Cortina,Profundo,15
Cortina,Profundo,13
Cortina,Profundo,11
Cortina,Profundo,8
Cortina,Profundo,10
Cortina,Profundo,12
Cortina,Profundo,10
Cortina,Profundo,13
Cortina,Profundo,15
Cortina,Profundo,12
Cortina,Profundo,16
Cortina,Profundo,16
Cortina,Profundo,13
Cortina,Profundo,17
Cortina,Profundo,16
Laminas,Somero ,17
Laminas,Somero ,15
Laminas,Somero ,11
Laminas,Somero ,15
Laminas,Somero ,15
Laminas,Somero ,16
Laminas,Somero ,12
Laminas,Somero ,16
Laminas,Somero ,16
Laminas,Somero ,16
Laminas,Somero ,14
Laminas,Somero ,16
Laminas,Somero ,15
Laminas,Somero ,14
Laminas,Profundo,12
Laminas,Profundo,17
Laminas,Profundo,18
Laminas,Profundo,15
Laminas,Profundo,16
Laminas,Profundo,14
Laminas,Profundo,15
Laminas,Profundo,17
Laminas,Profundo,18
Toro,Somero,14
Toro,Somero,13
Toro,Profundo,15
Toro,Profundo,13
Toro,Profundo,14
Toro,Profundo,15
Toro,Profundo,12
Gaviota ,Profundo,14
Gaviota ,Profundo,12
Gaviota ,Profundo,11
Gaviota ,Profundo,13
Gaviota ,Profundo,14
Gaviota ,Profundo,14
Gaviota ,Profundo,15
Gaviota ,Profundo,10
Gaviota ,Profundo,11
Gaviota ,Profundo,16
Gaviota ,Profundo,14
Gaviota ,Profundo,13
Gaviota ,Profundo,14
Gaviota ,Profundo,13
Gaviota ,Profundo,12
Gaviota ,Profundo,12
Gaviota ,Profundo,15
Gaviota ,Profundo,14
Gaviota ,Profundo,12
Gaviota ,Profundo,11
Gaviota ,Profundo,10
Gaviota ,Profundo,14
Gaviota ,Profundo,14
Gaviota ,Profundo,14
Gaviota ,Profundo,10
Gaviota ,Somero,16
Gaviota ,Somero,15
Gaviota ,Somero,8
Gaviota ,Somero,11
Gaviota ,Somero,14
Gaviota ,Somero,14
Gaviota ,Somero,13
Gaviota ,Somero,8
Gaviota ,Somero,16
Gaviota ,Somero,11
Gaviota ,Somero,14
Gaviota ,Somero,14
Gaviota ,Somero,14
Gaviota ,Somero,9
Gaviota ,Somero,12
Gaviota ,Somero,13
Gaviota ,Somero,15
Gaviota ,Somero,15
Gaviota ,Somero,14
Gaviota ,Somero,10
Gaviota ,Somero,13
Gaviota ,Somero,13
Gaviota ,Somero,14
Gaviota ,Somero,16
Gaviota ,Somero,12
Gaviota ,Somero,9
Gaviota ,Somero,15
Gaviota ,Somero,13
Gaviota ,Somero,14
Gaviota ,Somero,11
Gaviota ,Somero,12
Gaviota ,Somero,15
Gaviota ,Somero,13
Gaviota ,Somero,12
Gaviota ,Somero,12
Gaviota ,Somero,12
Gaviota ,Somero,13
Gaviota ,Somero,11
Gaviota ,Somero,14
Gaviota ,Somero,14
Gaviota ,Somero,15
Gaviota ,Somero,10
Gaviota ,Somero,12
Gaviota ,Somero,13
Gaviota ,Somero,14
Gaviota ,Somero,14
Gaviota ,Somero,11
Gaviota ,Somero,12
Gaviota ,Somero,12
Gaviota ,Somero,13
Gaviota ,Somero,14
Gaviota ,Somero,12
Gaviota ,Somero,12
Gaviota ,Somero,12
Gaviota ,Somero,14
