Year,Month,Day,Sub_site,Lat,Long,Observer,Transect_type,Transect_number,Transect_section,Depth_m,Genusspecies,Frequency,Size_cm,Data_type,Comment
2020,8,27,isla_san_roque_deep,27.14672,-114.36732,daniela_amador,inverts,1,0_10,19.9,Lithopoma_spp,4,4,ecological_monitoring,
2020,8,27,isla_san_roque_deep,27.14672,-114.36732,daniela_amador,inverts,1,0_10,19.9,Lithopoma_spp,7,7,ecological_monitoring,
2020,8,27,isla_san_roque_deep,27.14672,-114.36732,daniela_amador,inverts,1,0_10,19.9,Lithopoma_spp,1,2,ecological_monitoring,
2020,8,27,isla_san_roque_deep,27.14672,-114.36732,daniela_amador,inverts,1,0_10,19.9,Lithopoma_spp,1,5,ecological_monitoring,
2020,8,27,isla_san_roque_deep,27.14672,-114.36732,daniela_amador,inverts,1,0_10,19.9,Panulirus_interruptus,4,,ecological_monitoring,
2020,8,27,isla_san_roque_deep,27.14672,-114.36732,daniela_amador,inverts,1,0_10,19.9,Tethya_aurantium,2,,ecological_monitoring,
2020,8,27,isla_san_roque_deep,27.14672,-114.36732,daniela_amador,inverts,1,0_10,19.9,Eucidaris_thouarsii,1,,ecological_monitoring,
2020,8,27,isla_san_roque_deep,27.14672,-114.36732,daniela_amador,inverts,1,0_10,19.9,Muricea_fruticosa,7,,ecological_monitoring,
2020,8,27,isla_san_roque_deep,27.14672,-114.36732,daniela_amador,inverts,1,0_10,19.9,Halichondria_spp,5,,ecological_monitoring,
2020,8,27,isla_san_roque_deep,27.14672,-114.36732,daniela_amador,inverts,1,0_10,19.9,Phidolopora_pacifica,3,,ecological_monitoring,
2020,8,27,isla_san_roque_deep,27.14672,-114.36732,daniela_amador,inverts,1,0_10,19.9,Muricea_californica,1,,ecological_monitoring,
2020,8,27,isla_san_roque_deep,27.14672,-114.36732,daniela_amador,inverts,1,0_10,19.9,Flabellinopsis_iodinea,1,,ecological_monitoring,
2020,8,27,isla_san_roque_deep,27.14672,-114.36732,daniela_amador,inverts,1,10_20,19.9,Eucidaris_thouarsii,1,,ecological_monitoring,
2020,8,27,isla_san_roque_deep,27.14672,-114.36732,daniela_amador,inverts,1,10_20,19.9,Octopus_spp,1,,ecological_monitoring,
2020,8,27,isla_san_roque_deep,27.14672,-114.36732,daniela_amador,inverts,1,20_30,19.9,Lithopoma_spp,2,7,ecological_monitoring,
2020,8,27,isla_san_roque_deep,27.14672,-114.36732,daniela_amador,inverts,1,20_30,19.9,Lithopoma_spp,2,5,ecological_monitoring,
2020,8,27,isla_san_roque_deep,27.14672,-114.36732,daniela_amador,inverts,1,20_30,19.9,Lithopoma_spp,2,2,ecological_monitoring,
2020,8,27,isla_san_roque_deep,27.14672,-114.36732,daniela_amador,inverts,1,20_30,19.9,Lithopoma_spp,2,8,ecological_monitoring,
2020,8,27,isla_san_roque_deep,27.14672,-114.36732,daniela_amador,inverts,1,20_30,19.9,Tethya_aurantium,3,,ecological_monitoring,
2020,8,27,isla_san_roque_deep,27.14672,-114.36732,daniela_amador,inverts,1,20_30,19.9,Halichondria_spp,3,,ecological_monitoring,
2020,8,27,isla_san_roque_deep,27.14672,-114.36732,daniela_amador,inverts,1,20_30,19.9,Muricea_fruticosa,4,,ecological_monitoring,
2020,8,27,isla_san_roque_deep,27.14672,-114.36732,daniela_amador,inverts,1,20_30,19.9,Phidolopora_pacifica,1,,ecological_monitoring,
2020,8,27,isla_san_roque_deep,27.14672,-114.36732,daniela_amador,inverts,1,20_30,19.9,Muricea_californica,1,,ecological_monitoring,
2020,8,27,isla_san_roque_deep,27.14672,-114.36732,daniela_amador,inverts,1,20_30,19.9,Flabellinopsis_iodinea,4,,ecological_monitoring,
2020,8,27,isla_san_roque_deep,27.14672,-114.36732,daniela_amador,inverts,1,20_30,19.9,Pachycerianthus_fimbriatus,1,,ecological_monitoring,
2020,8,27,isla_san_roque_deep,27.14672,-114.36732,daniela_amador,inverts,2,0_10,19.9,Panulirus_interruptus,3,,ecological_monitoring,
2020,8,27,isla_san_roque_deep,27.14672,-114.36732,daniela_amador,inverts,2,0_10,19.9,Lithopoma_spp,19,,ecological_monitoring,
2020,8,27,isla_san_roque_deep,27.14672,-114.36732,daniela_amador,inverts,2,0_10,19.9,Lithopoma_spp,3,5,ecological_monitoring,
2020,8,27,isla_san_roque_deep,27.14672,-114.36732,daniela_amador,inverts,2,0_10,19.9,Lithopoma_spp,1,9,ecological_monitoring,
2020,8,27,isla_san_roque_deep,27.14672,-114.36732,daniela_amador,inverts,2,0_10,19.9,Lithopoma_spp,2,7,ecological_monitoring,
2020,8,27,isla_san_roque_deep,27.14672,-114.36732,daniela_amador,inverts,2,0_10,19.9,Lithopoma_spp,1,10,ecological_monitoring,
2020,8,27,isla_san_roque_deep,27.14672,-114.36732,daniela_amador,inverts,2,0_10,19.9,Lithopoma_spp,4,4,ecological_monitoring,
2020,8,27,isla_san_roque_deep,27.14672,-114.36732,daniela_amador,inverts,2,0_10,19.9,Lithopoma_spp,1,6,ecological_monitoring,
2020,8,27,isla_san_roque_deep,27.14672,-114.36732,daniela_amador,inverts,2,0_10,19.9,Lithopoma_spp,3,3,ecological_monitoring,
2020,8,27,isla_san_roque_deep,27.14672,-114.36732,daniela_amador,inverts,2,0_10,19.9,Tethya_aurantium,34,,ecological_monitoring,
2020,8,27,isla_san_roque_deep,27.14672,-114.36732,daniela_amador,inverts,2,0_10,19.9,Eucidaris_thouarsii,4,,ecological_monitoring,
2020,8,27,isla_san_roque_deep,27.14672,-114.36732,daniela_amador,inverts,2,0_10,19.9,Craniella_arb,5,,ecological_monitoring,
2020,8,27,isla_san_roque_deep,27.14672,-114.36732,daniela_amador,inverts,2,10_20,19.9,Lithopoma_spp,2,,ecological_monitoring,
2020,8,27,isla_san_roque_deep,27.14672,-114.36732,daniela_amador,inverts,2,10_20,19.9,Tethya_aurantium,8,,ecological_monitoring,
2020,8,27,isla_san_roque_deep,27.14672,-114.36732,daniela_amador,inverts,2,20_30,19.9,Craniella_arb,7,,ecological_monitoring,
2020,8,27,isla_san_roque_deep,27.14672,-114.36732,daniela_amador,inverts,2,20_30,19.9,Craniella_arb,7,,ecological_monitoring,
<<<<<<< HEAD
2020,8,27,isla_san_roque_mid,27.14703,-114.3686,daniela_amador,inverts,2,0_10,12,Lithopoma_spp,1,10,ecological_monitoring,
2020,8,27,isla_san_roque_mid,27.14703,-114.3686,daniela_amador,inverts,2,0_10,12,Lithopoma_spp,2,5,ecological_monitoring,
2020,8,27,isla_san_roque_mid,27.14703,-114.3686,daniela_amador,inverts,2,0_10,12,Lithopoma_spp,3,2,ecological_monitoring,
2020,8,27,isla_san_roque_mid,27.14703,-114.3686,daniela_amador,inverts,2,0_10,12,Craniella_arb,7,,ecological_monitoring,
2020,8,27,isla_san_roque_mid,27.14703,-114.3686,daniela_amador,inverts,2,0_10,12,Muricea_californica,10,,ecological_monitoring,
2020,8,27,isla_san_roque_mid,27.14703,-114.3686,daniela_amador,inverts,2,0_10,12,Phidolopora_pacifica,4,,ecological_monitoring,
2020,8,27,isla_san_roque_mid,27.14703,-114.3686,daniela_amador,inverts,2,0_10,12,Halichondria_spp,4,,ecological_monitoring,
2020,8,27,isla_san_roque_mid,27.14703,-114.3686,daniela_amador,inverts,2,0_10,12,Linckia_columbiae,1,,ecological_monitoring,
2020,8,27,isla_san_roque_mid,27.14703,-114.3686,daniela_amador,inverts,2,0_10,12,Muricea_fruticosa,7,,ecological_monitoring,
2020,8,27,isla_san_roque_mid,27.14703,-114.3686,daniela_amador,inverts,2,0_10,12,Spheciospongia_confoederata,1,,ecological_monitoring,
2020,8,27,isla_san_roque_mid,27.14703,-114.3686,daniela_amador,inverts,2,0_10,12,Eucidaris_thouarsii,1,,ecological_monitoring,
2020,8,27,isla_san_roque_mid,27.14703,-114.3686,daniela_amador,inverts,2,10_20,12,Muricea_californica,7,,ecological_monitoring,
2020,8,27,isla_san_roque_mid,27.14703,-114.3686,daniela_amador,inverts,2,10_20,12,Phidolopora_pacifica,8,,ecological_monitoring,
2020,8,27,isla_san_roque_mid,27.14703,-114.3686,daniela_amador,inverts,2,10_20,12,Halichondria_spp,4,,ecological_monitoring,
2020,8,27,isla_san_roque_mid,27.14703,-114.3686,daniela_amador,inverts,2,20_30,12,Panulirus_interruptus,3,,ecological_monitoring,
2020,8,27,isla_san_roque_mid,27.14703,-114.3686,daniela_amador,inverts,2,20_30,12,Lithopoma_spp,5,10,ecological_monitoring,
2020,8,27,isla_san_roque_mid,27.14703,-114.3686,daniela_amador,inverts,2,20_30,12,Lithopoma_spp,2,8,ecological_monitoring,
2020,8,27,isla_san_roque_mid,27.14703,-114.3686,daniela_amador,inverts,2,20_30,12,Lithopoma_spp,1,2,ecological_monitoring,
2020,8,27,isla_san_roque_mid,27.14703,-114.3686,daniela_amador,inverts,2,20_30,12,Lithopoma_spp,2,5,ecological_monitoring,
2020,8,27,isla_san_roque_mid,27.14703,-114.3686,daniela_amador,inverts,2,20_30,12,Craniella_arb,3,,ecological_monitoring,
2020,8,27,isla_san_roque_mid,27.14703,-114.3686,daniela_amador,inverts,2,20_30,12,Muricea_californica,6,,ecological_monitoring,
2020,8,27,isla_san_roque_mid,27.14703,-114.3686,daniela_amador,inverts,2,20_30,12,Phidolopora_pacifica,5,,ecological_monitoring,
2020,8,27,isla_san_roque_mid,27.14703,-114.3686,daniela_amador,inverts,2,20_30,12,Halichondria_spp,3,,ecological_monitoring,
2020,8,27,isla_san_roque_mid,27.14703,-114.3686,daniela_amador,inverts,2,20_30,12,Linckia_columbiae,1,,ecological_monitoring,
2020,8,27,isla_san_roque_mid,27.14703,-114.3686,daniela_amador,inverts,2,20_30,12,Muricea_fruticosa,8,,ecological_monitoring,
2020,8,27,isla_san_roque_mid,27.14703,-114.3686,daniela_amador,inverts,2,20_30,12,Haliotis_corrugata,1,6,ecological_monitoring,
2020,8,27,isla_san_roque_mid,27.14703,-114.3686,daniela_amador,inverts,1,0_10,12,Panulirus_interruptus,15,,ecological_monitoring,
2020,8,27,isla_san_roque_mid,27.14703,-114.3686,daniela_amador,inverts,1,0_10,12,Lithopoma_spp,2,5,ecological_monitoring,
2020,8,27,isla_san_roque_mid,27.14703,-114.3686,daniela_amador,inverts,1,0_10,12,Lithopoma_spp,3,2,ecological_monitoring,
2020,8,27,isla_san_roque_mid,27.14703,-114.3686,daniela_amador,inverts,1,0_10,12,Lithopoma_spp,3,8,ecological_monitoring,
2020,8,27,isla_san_roque_mid,27.14703,-114.3686,daniela_amador,inverts,1,0_10,12,Muricea_californica,5,,ecological_monitoring,
2020,8,27,isla_san_roque_mid,27.14703,-114.3686,daniela_amador,inverts,1,0_10,12,Muricea_fruticosa,3,,ecological_monitoring,
2020,8,27,isla_san_roque_mid,27.14703,-114.3686,daniela_amador,inverts,1,0_10,12,Halichondria_spp,1,,ecological_monitoring,
2020,8,27,isla_san_roque_mid,27.14703,-114.3686,daniela_amador,inverts,1,0_10,12,Flabellinopsis_iodinea,1,,ecological_monitoring,
2020,8,27,isla_san_roque_mid,27.14703,-114.3686,daniela_amador,inverts,1,0_10,12,Eucidaris_thouarsii,1,,ecological_monitoring,
2020,8,27,isla_san_roque_mid,27.14703,-114.3686,daniela_amador,inverts,1,0_10,12,Spheciospongia_confoederata,1,,ecological_monitoring,
2020,8,27,isla_san_roque_mid,27.14703,-114.3686,daniela_amador,inverts,1,0_10,12,Linckia_columbiae,3,,ecological_monitoring,
2020,8,27,isla_san_roque_mid,27.14703,-114.3686,daniela_amador,inverts,1,0_10,12,Haliotis_corrugata,2,15,ecological_monitoring,
2020,8,27,isla_san_roque_mid,27.14703,-114.3686,daniela_amador,inverts,1,0_10,12,Haliotis_corrugata,1,17,ecological_monitoring,
2020,8,27,isla_san_roque_mid,27.14703,-114.3686,daniela_amador,inverts,1,0_10,12,Haliotis_corrugata,1,20,ecological_monitoring,
2020,8,27,isla_san_roque_mid,27.14703,-114.3686,daniela_amador,inverts,1,0_10,12,Haliotis_corrugata,1,14,ecological_monitoring,
2020,8,27,isla_san_roque_mid,27.14703,-114.3686,daniela_amador,inverts,1,0_10,12,Haliotis_corrugata,1,9,ecological_monitoring,
2020,8,27,isla_san_roque_mid,27.14703,-114.3686,daniela_amador,inverts,1,0_10,12,Haliotis_corrugata,1,20,ecological_monitoring,
2020,8,27,isla_san_roque_mid,27.14703,-114.3686,daniela_amador,inverts,1,0_10,12,Haliotis_corrugata,1,13,ecological_monitoring,
2020,8,27,isla_san_roque_mid,27.14703,-114.3686,daniela_amador,inverts,1,10_20,12,Lithopoma_spp,5,10,ecological_monitoring,
2020,8,27,isla_san_roque_mid,27.14703,-114.3686,daniela_amador,inverts,1,10_20,12,Lithopoma_spp,7,8,ecological_monitoring,
2020,8,27,isla_san_roque_mid,27.14703,-114.3686,daniela_amador,inverts,1,10_20,12,Lithopoma_spp,7,5,ecological_monitoring,
2020,8,27,isla_san_roque_mid,27.14703,-114.3686,daniela_amador,inverts,1,10_20,12,Lithopoma_spp,2,18,ecological_monitoring,
2020,8,27,isla_san_roque_mid,27.14703,-114.3686,daniela_amador,inverts,1,10_20,12,Tethya_aurantium,1,,ecological_monitoring,
2020,8,27,isla_san_roque_mid,27.14703,-114.3686,daniela_amador,inverts,1,10_20,12,Craniella_arb,11,,ecological_monitoring,
2020,8,27,isla_san_roque_mid,27.14703,-114.3686,daniela_amador,inverts,1,10_20,12,Muricea_fruticosa,2,,ecological_monitoring,
2020,8,27,isla_san_roque_mid,27.14703,-114.3686,daniela_amador,inverts,1,10_20,12,Halichondria_spp,4,,ecological_monitoring,
2020,8,27,isla_san_roque_mid,27.14703,-114.3686,daniela_amador,inverts,1,10_20,12,Flabellinopsis_iodinea,3,,ecological_monitoring,
2020,8,27,isla_san_roque_mid,27.14703,-114.3686,daniela_amador,inverts,1,10_20,12,Eucidaris_thouarsii,3,,ecological_monitoring,
2020,8,27,isla_san_roque_mid,27.14703,-114.3686,daniela_amador,inverts,1,10_20,12,Spheciospongia_confoederata,1,,ecological_monitoring,
2020,8,27,isla_san_roque_mid,27.14703,-114.3686,daniela_amador,inverts,1,10_20,12,Haliotis_corrugata,3,12,ecological_monitoring,
2020,8,27,isla_san_roque_mid,27.14703,-114.3686,daniela_amador,inverts,1,10_20,12,Haliotis_corrugata,1,11,ecological_monitoring,
2020,8,27,isla_san_roque_mid,27.14703,-114.3686,daniela_amador,inverts,1,10_20,12,Haliotis_corrugata,1,9,ecological_monitoring,
2020,8,27,isla_san_roque_mid,27.14703,-114.3686,daniela_amador,inverts,1,20_30,12,Panulirus_interruptus,1,,ecological_monitoring,
2020,8,27,isla_san_roque_mid,27.14703,-114.3686,daniela_amador,inverts,1,20_30,12,Lithopoma_spp,2,18,ecological_monitoring,
2020,8,27,isla_san_roque_mid,27.14703,-114.3686,daniela_amador,inverts,1,20_30,12,Lithopoma_spp,7,5,ecological_monitoring,
2020,8,27,isla_san_roque_mid,27.14703,-114.3686,daniela_amador,inverts,1,20_30,12,Lithopoma_spp,4,10,ecological_monitoring,
2020,8,27,isla_san_roque_mid,27.14703,-114.3686,daniela_amador,inverts,1,20_30,12,Lithopoma_spp,7,8,ecological_monitoring,
2020,8,27,isla_san_roque_mid,27.14703,-114.3686,daniela_amador,inverts,1,20_30,12,Centrostephanus_coronatus,1,15,ecological_monitoring,
2020,8,27,isla_san_roque_mid,27.14703,-114.3686,daniela_amador,inverts,1,20_30,12,Craniella_arb,8,,ecological_monitoring,
2020,8,27,isla_san_roque_mid,27.14703,-114.3686,daniela_amador,inverts,1,20_30,12,Muricea_fruticosa,1,,ecological_monitoring,
2020,8,27,isla_san_roque_mid,27.14703,-114.3686,daniela_amador,inverts,1,20_30,12,Halichondria_spp,8,,ecological_monitoring,
2020,8,27,isla_san_roque_mid,27.14703,-114.3686,daniela_amador,inverts,1,20_30,12,Eucidaris_thouarsii,3,,ecological_monitoring,
2020,8,27,isla_san_roque_mid,27.14703,-114.3686,daniela_amador,inverts,1,20_30,12,Spheciospongia_confoederata,2,,ecological_monitoring,
2020,8,27,isla_san_roque_mid,27.14703,-114.3686,daniela_amador,inverts,1,20_30,12,Haliotis_corrugata,1,12,ecological_monitoring,
2020,8,27,isla_san_roque_mid,27.14703,-114.3686,daniela_amador,inverts,1,20_30,12,Haliotis_corrugata,1,14,ecological_monitoring,
2020,8,27,isla_san_roque_mid,27.14703,-114.3686,daniela_amador,inverts,1,20_30,12,Haliotis_corrugata,1,16,ecological_monitoring,
2020,8,27,isla_san_roque_mid,27.14703,-114.3686,daniela_amador,inverts,1,20_30,12,Haliotis_corrugata,1,11,ecological_monitoring,
2020,8,27,isla_san_roque_shallow,27.148,-114.37048,daniela_amador,inverts,1,0_10,8,Henricia_spp,1,,ecological_monitoring,
2020,8,27,isla_san_roque_shallow,27.148,-114.37048,daniela_amador,inverts,1,0_10,8,Panulirus_interruptus,3,,ecological_monitoring,
2020,8,27,isla_san_roque_shallow,27.148,-114.37048,daniela_amador,inverts,1,0_10,8,Megathura_crenulata,1,15,ecological_monitoring,
2020,8,27,isla_san_roque_shallow,27.148,-114.37048,daniela_amador,inverts,1,0_10,8,Lithopoma_spp,7,8,ecological_monitoring,
2020,8,27,isla_san_roque_shallow,27.148,-114.37048,daniela_amador,inverts,1,0_10,8,Lithopoma_spp,5,5,ecological_monitoring,
2020,8,27,isla_san_roque_shallow,27.148,-114.37048,daniela_amador,inverts,1,0_10,8,Lithopoma_spp,7,12,ecological_monitoring,
2020,8,27,isla_san_roque_shallow,27.148,-114.37048,daniela_amador,inverts,1,0_10,8,Flabellinopsis_iodinea,1,,ecological_monitoring,
2020,8,27,isla_san_roque_shallow,27.148,-114.37048,daniela_amador,inverts,1,0_10,8,Muricea_fruticosa,1,,ecological_monitoring,
2020,8,27,isla_san_roque_shallow,27.148,-114.37048,daniela_amador,inverts,1,0_10,8,Eucidaris_thouarsii,1,,ecological_monitoring,
2020,8,27,isla_san_roque_shallow,27.148,-114.37048,daniela_amador,inverts,1,0_10,8,Linckia_columbiae,1,,ecological_monitoring,
2020,8,27,isla_san_roque_shallow,27.148,-114.37048,daniela_amador,inverts,1,0_10,8,Haliotis_rufescens,1,14,ecological_monitoring,
2020,8,27,isla_san_roque_shallow,27.148,-114.37048,daniela_amador,inverts,1,0_10,8,Felimida_krohni,1,,ecological_monitoring,
2020,8,27,isla_san_roque_shallow,27.148,-114.37048,daniela_amador,inverts,1,10_20,8,Panulirus_interruptus,2,,ecological_monitoring,
2020,8,27,isla_san_roque_shallow,27.148,-114.37048,daniela_amador,inverts,1,10_20,8,Lithopoma_spp,7,10,ecological_monitoring,
2020,8,27,isla_san_roque_shallow,27.148,-114.37048,daniela_amador,inverts,1,10_20,8,Lithopoma_spp,11,5,ecological_monitoring,
2020,8,27,isla_san_roque_shallow,27.148,-114.37048,daniela_amador,inverts,1,10_20,8,Lithopoma_spp,13,8,ecological_monitoring,
2020,8,27,isla_san_roque_shallow,27.148,-114.37048,daniela_amador,inverts,1,10_20,8,Centrostephanus_coronatus,1,10,ecological_monitoring,
2020,8,27,isla_san_roque_shallow,27.148,-114.37048,daniela_amador,inverts,1,10_20,8,Craniella_arb,3,,ecological_monitoring,
2020,8,27,isla_san_roque_shallow,27.148,-114.37048,daniela_amador,inverts,1,10_20,8,Linckia_columbiae,2,,ecological_monitoring,
2020,8,27,isla_san_roque_shallow,27.148,-114.37048,daniela_amador,inverts,1,20_30,8,Panulirus_interruptus,2,,ecological_monitoring,
2020,8,27,isla_san_roque_shallow,27.148,-114.37048,daniela_amador,inverts,1,20_30,8,Lithopoma_spp,3,12,ecological_monitoring,
2020,8,27,isla_san_roque_shallow,27.148,-114.37048,daniela_amador,inverts,1,20_30,8,Lithopoma_spp,5,5,ecological_monitoring,
2020,8,27,isla_san_roque_shallow,27.148,-114.37048,daniela_amador,inverts,1,20_30,8,Lithopoma_spp,2,10,ecological_monitoring,
2020,8,27,isla_san_roque_shallow,27.148,-114.37048,daniela_amador,inverts,1,20_30,8,Lithopoma_spp,6,8,ecological_monitoring,
2020,8,27,isla_san_roque_shallow,27.148,-114.37048,daniela_amador,inverts,1,20_30,8,Craniella_arb,3,,ecological_monitoring,
2020,8,27,isla_san_roque_shallow,27.148,-114.37048,daniela_amador,inverts,1,20_30,8,Flabellinopsis_iodinea,1,,ecological_monitoring,
2020,8,27,isla_san_roque_shallow,27.148,-114.37048,daniela_amador,inverts,1,20_30,8,Haliotis_rufescens,2,12,ecological_monitoring,
2020,8,27,isla_san_roque_shallow,27.148,-114.37048,daniela_amador,inverts,1,20_30,8,Haliotis_rufescens,1,16,ecological_monitoring,
2020,8,27,isla_san_roque_shallow,27.148,-114.37048,daniela_amador,inverts,1,20_30,8,Haliotis_rufescens,2,14,ecological_monitoring,
2020,8,27,isla_san_roque_shallow,27.148,-114.37048,daniela_amador,inverts,1,20_30,8,Haliotis_rufescens,2,10,ecological_monitoring,
2020,8,27,isla_san_roque_shallow,27.148,-114.37048,daniela_amador,inverts,1,20_30,8,Haliotis_rufescens,1,15,ecological_monitoring,
2020,8,27,isla_san_roque_shallow,27.148,-114.37048,daniela_amador,inverts,1,20_30,8,Haliotis_rufescens,1,6,ecological_monitoring,
2020,8,27,isla_san_roque_shallow,27.148,-114.37048,daniela_amador,inverts,1,20_30,8,Haliotis_rufescens,1,13,ecological_monitoring,
2020,8,27,isla_san_roque_shallow,27.148,-114.37048,daniela_amador,inverts,2,0_10,8,Panulirus_interruptus,4,,ecological_monitoring,
2020,8,27,isla_san_roque_shallow,27.148,-114.37048,daniela_amador,inverts,2,0_10,8,Lithopoma_spp,7,10,ecological_monitoring,
2020,8,27,isla_san_roque_shallow,27.148,-114.37048,daniela_amador,inverts,2,0_10,8,Lithopoma_spp,7,5,ecological_monitoring,
2020,8,27,isla_san_roque_shallow,27.148,-114.37048,daniela_amador,inverts,2,0_10,8,Lithopoma_spp,9,8,ecological_monitoring,
2020,8,27,isla_san_roque_shallow,27.148,-114.37048,daniela_amador,inverts,2,0_10,8,Craniella_arb,3,,ecological_monitoring,
2020,8,27,isla_san_roque_shallow,27.148,-114.37048,daniela_amador,inverts,2,0_10,8,Flabellinopsis_iodinea,1,,ecological_monitoring,
2020,8,27,isla_san_roque_shallow,27.148,-114.37048,daniela_amador,inverts,2,0_10,8,Muricea_fruticosa,1,,ecological_monitoring,
2020,8,27,isla_san_roque_shallow,27.148,-114.37048,daniela_amador,inverts,2,0_10,8,Linckia_columbiae,2,,ecological_monitoring,
2020,8,27,isla_san_roque_shallow,27.148,-114.37048,daniela_amador,inverts,2,0_10,8,Muricea_californica,1,,ecological_monitoring,
2020,8,27,isla_san_roque_shallow,27.148,-114.37048,daniela_amador,inverts,2,0_10,8,Anthopleura_spp,1,,ecological_monitoring,
2020,8,27,isla_san_roque_shallow,27.148,-114.37048,daniela_amador,inverts,2,0_10,8,Haliotis_rufescens,1,13,ecological_monitoring,
2020,8,27,isla_san_roque_shallow,27.148,-114.37048,daniela_amador,inverts,2,0_10,8,Haliotis_corrugata,1,13,ecological_monitoring,
2020,8,27,isla_san_roque_shallow,27.148,-114.37048,daniela_amador,inverts,2,10_20,8,Panulirus_interruptus,1,,ecological_monitoring,
2020,8,27,isla_san_roque_shallow,27.148,-114.37048,daniela_amador,inverts,2,10_20,8,Lithopoma_spp,3,10,ecological_monitoring,
2020,8,27,isla_san_roque_shallow,27.148,-114.37048,daniela_amador,inverts,2,10_20,8,Lithopoma_spp,1,5,ecological_monitoring,
2020,8,27,isla_san_roque_shallow,27.148,-114.37048,daniela_amador,inverts,2,10_20,8,Lithopoma_spp,2,8,ecological_monitoring,
2020,8,27,isla_san_roque_shallow,27.148,-114.37048,daniela_amador,inverts,2,10_20,8,Muricea_fruticosa,1,,ecological_monitoring,
2020,8,27,isla_san_roque_shallow,27.148,-114.37048,daniela_amador,inverts,2,10_20,8,Anthopleura_spp,3,,ecological_monitoring,
2020,8,27,isla_san_roque_shallow,27.148,-114.37048,daniela_amador,inverts,2,10_20,8,Felimida_krohni,1,,ecological_monitoring,
2020,8,27,isla_san_roque_shallow,27.148,-114.37048,daniela_amador,inverts,2,10_20,8,Haliotis_rufescens,1,12,ecological_monitoring,
2020,8,27,isla_san_roque_shallow,27.148,-114.37048,daniela_amador,inverts,2,10_20,8,Haliotis_corrugata,1,12,ecological_monitoring,
2020,8,27,isla_san_roque_shallow,27.148,-114.37048,daniela_amador,inverts,2,10_20,8,Haliotis_rufescens,1,14,ecological_monitoring,
2020,8,27,isla_san_roque_shallow,27.148,-114.37048,daniela_amador,inverts,2,20_30,8,Haliotis_corrugata,1,13,ecological_monitoring,
2020,8,27,isla_san_roque_shallow,27.148,-114.37048,daniela_amador,inverts,2,20_30,8,Haliotis_corrugata,1,7,ecological_monitoring,
2020,8,27,isla_san_roque_shallow,27.148,-114.37048,daniela_amador,inverts,2,20_30,8,Haliotis_corrugata,1,13,ecological_monitoring,
2020,8,27,isla_san_roque_shallow,27.148,-114.37048,daniela_amador,inverts,2,20_30,8,Haliotis_rufescens,1,9,ecological_monitoring,
2020,8,27,isla_san_roque_shallow,27.148,-114.37048,daniela_amador,inverts,2,20_30,8,Panulirus_interruptus,3,,ecological_monitoring,
2020,8,27,isla_san_roque_shallow,27.148,-114.37048,daniela_amador,inverts,2,20_30,8,Lithopoma_spp,3,10,ecological_monitoring,
2020,8,27,isla_san_roque_shallow,27.148,-114.37048,daniela_amador,inverts,2,20_30,8,Lithopoma_spp,3,5,ecological_monitoring,
2020,8,27,isla_san_roque_shallow,27.148,-114.37048,daniela_amador,inverts,2,20_30,8,Lithopoma_spp,5,12,ecological_monitoring,
2020,8,27,isla_san_roque_shallow,27.148,-114.37048,daniela_amador,inverts,2,20_30,8,Muricea_californica,2,,ecological_monitoring,
2020,8,27,isla_san_roque_shallow,27.148,-114.37048,daniela_amador,inverts,2,20_30,8,Linckia_columbiae,2,,ecological_monitoring,
2020,8,27,isla_san_roque_shallow,27.148,-114.37048,daniela_amador,inverts,2,20_30,8,Muricea_fruticosa,2,,ecological_monitoring,
2020,8,27,isla_san_roque_shallow,27.148,-114.37048,daniela_amador,inverts,2,20_30,8,Eucidaris_thouarsii,3,,ecological_monitoring,
=======
2020,8,27,isla_san_roque_mid,27.14703,-114.3686,daniela_amador,inverts,2,0_10,,Lithopoma_spp,1,10,ecological_monitoring,
2020,8,27,isla_san_roque_mid,27.14703,-114.3686,daniela_amador,inverts,2,0_10,,Lithopoma_spp,2,5,ecological_monitoring,
2020,8,27,isla_san_roque_mid,27.14703,-114.3686,daniela_amador,inverts,2,0_10,,Lithopoma_spp,3,2,ecological_monitoring,
2020,8,27,isla_san_roque_mid,27.14703,-114.3686,daniela_amador,inverts,2,0_10,,Craniella_arb,7,,ecological_monitoring,
2020,8,27,isla_san_roque_mid,27.14703,-114.3686,daniela_amador,inverts,2,0_10,,Muricea_californica,10,,ecological_monitoring,
2020,8,27,isla_san_roque_mid,27.14703,-114.3686,daniela_amador,inverts,2,0_10,,Phidolopora_pacifica,4,,ecological_monitoring,
2020,8,27,isla_san_roque_mid,27.14703,-114.3686,daniela_amador,inverts,2,0_10,,Halichondria_spp,4,,ecological_monitoring,
2020,8,27,isla_san_roque_mid,27.14703,-114.3686,daniela_amador,inverts,2,0_10,,Linckia_columbiae,1,,ecological_monitoring,
2020,8,27,isla_san_roque_mid,27.14703,-114.3686,daniela_amador,inverts,2,0_10,,Muricea_fruticosa,7,,ecological_monitoring,
2020,8,27,isla_san_roque_mid,27.14703,-114.3686,daniela_amador,inverts,2,0_10,,Spheciospongia_confoederata,1,,ecological_monitoring,
2020,8,27,isla_san_roque_mid,27.14703,-114.3686,daniela_amador,inverts,2,0_10,,Eucidaris_thouarsii,1,,ecological_monitoring,
2020,8,27,isla_san_roque_mid,27.14703,-114.3686,daniela_amador,inverts,2,10_20,,Muricea_californica,7,,ecological_monitoring,
2020,8,27,isla_san_roque_mid,27.14703,-114.3686,daniela_amador,inverts,2,10_20,,Phidolopora_pacifica,8,,ecological_monitoring,
2020,8,27,isla_san_roque_mid,27.14703,-114.3686,daniela_amador,inverts,2,10_20,,Halichondria_spp,4,,ecological_monitoring,
2020,8,27,isla_san_roque_mid,27.14703,-114.3686,daniela_amador,inverts,2,20_30,,Panulirus_interruptus,3,,ecological_monitoring,
2020,8,27,isla_san_roque_mid,27.14703,-114.3686,daniela_amador,inverts,2,20_30,,Lithopoma_spp,5,10,ecological_monitoring,
2020,8,27,isla_san_roque_mid,27.14703,-114.3686,daniela_amador,inverts,2,20_30,,Lithopoma_spp,2,8,ecological_monitoring,
2020,8,27,isla_san_roque_mid,27.14703,-114.3686,daniela_amador,inverts,2,20_30,,Lithopoma_spp,1,2,ecological_monitoring,
2020,8,27,isla_san_roque_mid,27.14703,-114.3686,daniela_amador,inverts,2,20_30,,Lithopoma_spp,2,5,ecological_monitoring,
2020,8,27,isla_san_roque_mid,27.14703,-114.3686,daniela_amador,inverts,2,20_30,,Craniella_arb,3,,ecological_monitoring,
2020,8,27,isla_san_roque_mid,27.14703,-114.3686,daniela_amador,inverts,2,20_30,,Muricea_californica,6,,ecological_monitoring,
2020,8,27,isla_san_roque_mid,27.14703,-114.3686,daniela_amador,inverts,2,20_30,,Phidolopora_pacifica,5,,ecological_monitoring,
2020,8,27,isla_san_roque_mid,27.14703,-114.3686,daniela_amador,inverts,2,20_30,,Halichondria_spp,3,,ecological_monitoring,
2020,8,27,isla_san_roque_mid,27.14703,-114.3686,daniela_amador,inverts,2,20_30,,Linckia_columbiae,1,,ecological_monitoring,
2020,8,27,isla_san_roque_mid,27.14703,-114.3686,daniela_amador,inverts,2,20_30,,Muricea_fruticosa,8,,ecological_monitoring,
2020,8,27,isla_san_roque_mid,27.14703,-114.3686,daniela_amador,inverts,2,20_30,,Haliotis_corrugata,1,6,ecological_monitoring,
2020,8,27,isla_san_roque_mid,27.14703,-114.3686,daniela_amador,inverts,1,0_10,,Panulirus_interruptus,15,,ecological_monitoring,
2020,8,27,isla_san_roque_mid,27.14703,-114.3686,daniela_amador,inverts,1,0_10,,Lithopoma_spp,2,5,ecological_monitoring,
2020,8,27,isla_san_roque_mid,27.14703,-114.3686,daniela_amador,inverts,1,0_10,,Lithopoma_spp,3,2,ecological_monitoring,
2020,8,27,isla_san_roque_mid,27.14703,-114.3686,daniela_amador,inverts,1,0_10,,Lithopoma_spp,3,8,ecological_monitoring,
2020,8,27,isla_san_roque_mid,27.14703,-114.3686,daniela_amador,inverts,1,0_10,,Muricea_californica,5,,ecological_monitoring,
2020,8,27,isla_san_roque_mid,27.14703,-114.3686,daniela_amador,inverts,1,0_10,,Muricea_fruticosa,3,,ecological_monitoring,
2020,8,27,isla_san_roque_mid,27.14703,-114.3686,daniela_amador,inverts,1,0_10,,Halichondria_spp,1,,ecological_monitoring,
2020,8,27,isla_san_roque_mid,27.14703,-114.3686,daniela_amador,inverts,1,0_10,,Flabellinopsis_iodinea,1,,ecological_monitoring,
2020,8,27,isla_san_roque_mid,27.14703,-114.3686,daniela_amador,inverts,1,0_10,,Eucidaris_thouarsii,1,,ecological_monitoring,
2020,8,27,isla_san_roque_mid,27.14703,-114.3686,daniela_amador,inverts,1,0_10,,Spheciospongia_confoederata,1,,ecological_monitoring,
2020,8,27,isla_san_roque_mid,27.14703,-114.3686,daniela_amador,inverts,1,0_10,,Linckia_columbiae,3,,ecological_monitoring,
2020,8,27,isla_san_roque_mid,27.14703,-114.3686,daniela_amador,inverts,1,0_10,,Haliotis_corrugata,2,15,ecological_monitoring,
2020,8,27,isla_san_roque_mid,27.14703,-114.3686,daniela_amador,inverts,1,0_10,,Haliotis_corrugata,1,17,ecological_monitoring,
2020,8,27,isla_san_roque_mid,27.14703,-114.3686,daniela_amador,inverts,1,0_10,,Haliotis_corrugata,1,20,ecological_monitoring,
2020,8,27,isla_san_roque_mid,27.14703,-114.3686,daniela_amador,inverts,1,0_10,,Haliotis_corrugata,1,14,ecological_monitoring,
2020,8,27,isla_san_roque_mid,27.14703,-114.3686,daniela_amador,inverts,1,0_10,,Haliotis_corrugata,1,9,ecological_monitoring,
2020,8,27,isla_san_roque_mid,27.14703,-114.3686,daniela_amador,inverts,1,0_10,,Haliotis_corrugata,1,20,ecological_monitoring,
2020,8,27,isla_san_roque_mid,27.14703,-114.3686,daniela_amador,inverts,1,0_10,,Haliotis_corrugata,1,13,ecological_monitoring,
2020,8,27,isla_san_roque_mid,27.14703,-114.3686,daniela_amador,inverts,1,10_20,,Lithopoma_spp,5,10,ecological_monitoring,
2020,8,27,isla_san_roque_mid,27.14703,-114.3686,daniela_amador,inverts,1,10_20,,Lithopoma_spp,7,8,ecological_monitoring,
2020,8,27,isla_san_roque_mid,27.14703,-114.3686,daniela_amador,inverts,1,10_20,,Lithopoma_spp,7,5,ecological_monitoring,
2020,8,27,isla_san_roque_mid,27.14703,-114.3686,daniela_amador,inverts,1,10_20,,Lithopoma_spp,2,18,ecological_monitoring,
2020,8,27,isla_san_roque_mid,27.14703,-114.3686,daniela_amador,inverts,1,10_20,,Tethya_aurantium,1,,ecological_monitoring,
2020,8,27,isla_san_roque_mid,27.14703,-114.3686,daniela_amador,inverts,1,10_20,,Craniella_arb,11,,ecological_monitoring,
2020,8,27,isla_san_roque_mid,27.14703,-114.3686,daniela_amador,inverts,1,10_20,,Muricea_fruticosa,2,,ecological_monitoring,
2020,8,27,isla_san_roque_mid,27.14703,-114.3686,daniela_amador,inverts,1,10_20,,Halichondria_spp,4,,ecological_monitoring,
2020,8,27,isla_san_roque_mid,27.14703,-114.3686,daniela_amador,inverts,1,10_20,,Flabellinopsis_iodinea,3,,ecological_monitoring,
2020,8,27,isla_san_roque_mid,27.14703,-114.3686,daniela_amador,inverts,1,10_20,,Eucidaris_thouarsii,3,,ecological_monitoring,
2020,8,27,isla_san_roque_mid,27.14703,-114.3686,daniela_amador,inverts,1,10_20,,Spheciospongia_confoederata,1,,ecological_monitoring,
2020,8,27,isla_san_roque_mid,27.14703,-114.3686,daniela_amador,inverts,1,10_20,,Haliotis_corrugata,3,12,ecological_monitoring,
2020,8,27,isla_san_roque_mid,27.14703,-114.3686,daniela_amador,inverts,1,10_20,,Haliotis_corrugata,1,11,ecological_monitoring,
2020,8,27,isla_san_roque_mid,27.14703,-114.3686,daniela_amador,inverts,1,10_20,,Haliotis_corrugata,1,9,ecological_monitoring,
2020,8,27,isla_san_roque_mid,27.14703,-114.3686,daniela_amador,inverts,1,20_30,,Panulirus_interruptus,1,,ecological_monitoring,
2020,8,27,isla_san_roque_mid,27.14703,-114.3686,daniela_amador,inverts,1,20_30,,Lithopoma_spp,2,18,ecological_monitoring,
2020,8,27,isla_san_roque_mid,27.14703,-114.3686,daniela_amador,inverts,1,20_30,,Lithopoma_spp,7,5,ecological_monitoring,
2020,8,27,isla_san_roque_mid,27.14703,-114.3686,daniela_amador,inverts,1,20_30,,Lithopoma_spp,4,10,ecological_monitoring,
2020,8,27,isla_san_roque_mid,27.14703,-114.3686,daniela_amador,inverts,1,20_30,,Lithopoma_spp,7,8,ecological_monitoring,
2020,8,27,isla_san_roque_mid,27.14703,-114.3686,daniela_amador,inverts,1,20_30,,Centrostephanus_coronatus,1,15,ecological_monitoring,
2020,8,27,isla_san_roque_mid,27.14703,-114.3686,daniela_amador,inverts,1,20_30,,Craniella_arb,8,,ecological_monitoring,
2020,8,27,isla_san_roque_mid,27.14703,-114.3686,daniela_amador,inverts,1,20_30,,Muricea_fruticosa,1,,ecological_monitoring,
2020,8,27,isla_san_roque_mid,27.14703,-114.3686,daniela_amador,inverts,1,20_30,,Halichondria_spp,8,,ecological_monitoring,
2020,8,27,isla_san_roque_mid,27.14703,-114.3686,daniela_amador,inverts,1,20_30,,Eucidaris_thouarsii,3,,ecological_monitoring,
2020,8,27,isla_san_roque_mid,27.14703,-114.3686,daniela_amador,inverts,1,20_30,,Spheciospongia_confoederata,2,,ecological_monitoring,
2020,8,27,isla_san_roque_mid,27.14703,-114.3686,daniela_amador,inverts,1,20_30,,Haliotis_corrugata,1,12,ecological_monitoring,
2020,8,27,isla_san_roque_mid,27.14703,-114.3686,daniela_amador,inverts,1,20_30,,Haliotis_corrugata,1,14,ecological_monitoring,
2020,8,27,isla_san_roque_mid,27.14703,-114.3686,daniela_amador,inverts,1,20_30,,Haliotis_corrugata,1,16,ecological_monitoring,
2020,8,27,isla_san_roque_mid,27.14703,-114.3686,daniela_amador,inverts,1,20_30,,Haliotis_corrugata,1,11,ecological_monitoring,
2020,8,27,isla_san_roque_shallow,27.148,-114.37048,daniela_amador,inverts,1,0_10,,Henricia_spp,1,,ecological_monitoring,
2020,8,27,isla_san_roque_shallow,27.148,-114.37048,daniela_amador,inverts,1,0_10,,Panulirus_interruptus,3,,ecological_monitoring,
2020,8,27,isla_san_roque_shallow,27.148,-114.37048,daniela_amador,inverts,1,0_10,,Megathura_crenulata,1,15,ecological_monitoring,
2020,8,27,isla_san_roque_shallow,27.148,-114.37048,daniela_amador,inverts,1,0_10,,Lithopoma_spp,7,8,ecological_monitoring,
2020,8,27,isla_san_roque_shallow,27.148,-114.37048,daniela_amador,inverts,1,0_10,,Lithopoma_spp,5,5,ecological_monitoring,
2020,8,27,isla_san_roque_shallow,27.148,-114.37048,daniela_amador,inverts,1,0_10,,Lithopoma_spp,7,12,ecological_monitoring,
2020,8,27,isla_san_roque_shallow,27.148,-114.37048,daniela_amador,inverts,1,0_10,,Flabellinopsis_iodinea,1,,ecological_monitoring,
2020,8,27,isla_san_roque_shallow,27.148,-114.37048,daniela_amador,inverts,1,0_10,,Muricea_fruticosa,1,,ecological_monitoring,
2020,8,27,isla_san_roque_shallow,27.148,-114.37048,daniela_amador,inverts,1,0_10,,Eucidaris_thouarsii,1,,ecological_monitoring,
2020,8,27,isla_san_roque_shallow,27.148,-114.37048,daniela_amador,inverts,1,0_10,,Linckia_columbiae,1,,ecological_monitoring,
2020,8,27,isla_san_roque_shallow,27.148,-114.37048,daniela_amador,inverts,1,0_10,,Haliotis_rufescens,1,14,ecological_monitoring,
2020,8,27,isla_san_roque_shallow,27.148,-114.37048,daniela_amador,inverts,1,0_10,,Felimida_krohni,1,,ecological_monitoring,
2020,8,27,isla_san_roque_shallow,27.148,-114.37048,daniela_amador,inverts,1,10_20,,Panulirus_interruptus,2,,ecological_monitoring,
2020,8,27,isla_san_roque_shallow,27.148,-114.37048,daniela_amador,inverts,1,10_20,,Lithopoma_spp,7,10,ecological_monitoring,
2020,8,27,isla_san_roque_shallow,27.148,-114.37048,daniela_amador,inverts,1,10_20,,Lithopoma_spp,11,5,ecological_monitoring,
2020,8,27,isla_san_roque_shallow,27.148,-114.37048,daniela_amador,inverts,1,10_20,,Lithopoma_spp,13,8,ecological_monitoring,
2020,8,27,isla_san_roque_shallow,27.148,-114.37048,daniela_amador,inverts,1,10_20,,Centrostephanus_coronatus,1,10,ecological_monitoring,
2020,8,27,isla_san_roque_shallow,27.148,-114.37048,daniela_amador,inverts,1,10_20,,Craniella_arb,3,,ecological_monitoring,
2020,8,27,isla_san_roque_shallow,27.148,-114.37048,daniela_amador,inverts,1,10_20,,Linckia_columbiae,2,,ecological_monitoring,
2020,8,27,isla_san_roque_shallow,27.148,-114.37048,daniela_amador,inverts,1,20_30,,Panulirus_interruptus,2,,ecological_monitoring,
2020,8,27,isla_san_roque_shallow,27.148,-114.37048,daniela_amador,inverts,1,20_30,,Lithopoma_spp,3,12,ecological_monitoring,
2020,8,27,isla_san_roque_shallow,27.148,-114.37048,daniela_amador,inverts,1,20_30,,Lithopoma_spp,5,5,ecological_monitoring,
2020,8,27,isla_san_roque_shallow,27.148,-114.37048,daniela_amador,inverts,1,20_30,,Lithopoma_spp,2,10,ecological_monitoring,
2020,8,27,isla_san_roque_shallow,27.148,-114.37048,daniela_amador,inverts,1,20_30,,Lithopoma_spp,6,8,ecological_monitoring,
2020,8,27,isla_san_roque_shallow,27.148,-114.37048,daniela_amador,inverts,1,20_30,,Craniella_arb,3,,ecological_monitoring,
2020,8,27,isla_san_roque_shallow,27.148,-114.37048,daniela_amador,inverts,1,20_30,,Flabellinopsis_iodinea,1,,ecological_monitoring,
2020,8,27,isla_san_roque_shallow,27.148,-114.37048,daniela_amador,inverts,1,20_30,,Haliotis_rufescens,2,12,ecological_monitoring,
2020,8,27,isla_san_roque_shallow,27.148,-114.37048,daniela_amador,inverts,1,20_30,,Haliotis_rufescens,1,16,ecological_monitoring,
2020,8,27,isla_san_roque_shallow,27.148,-114.37048,daniela_amador,inverts,1,20_30,,Haliotis_rufescens,2,14,ecological_monitoring,
2020,8,27,isla_san_roque_shallow,27.148,-114.37048,daniela_amador,inverts,1,20_30,,Haliotis_rufescens,2,10,ecological_monitoring,
2020,8,27,isla_san_roque_shallow,27.148,-114.37048,daniela_amador,inverts,1,20_30,,Haliotis_rufescens,1,15,ecological_monitoring,
2020,8,27,isla_san_roque_shallow,27.148,-114.37048,daniela_amador,inverts,1,20_30,,Haliotis_rufescens,1,6,ecological_monitoring,
2020,8,27,isla_san_roque_shallow,27.148,-114.37048,daniela_amador,inverts,1,20_30,,Haliotis_rufescens,1,13,ecological_monitoring,
2020,8,27,isla_san_roque_shallow,27.148,-114.37048,daniela_amador,inverts,2,0_10,,Panulirus_interruptus,4,,ecological_monitoring,
2020,8,27,isla_san_roque_shallow,27.148,-114.37048,daniela_amador,inverts,2,0_10,,Lithopoma_spp,7,10,ecological_monitoring,
2020,8,27,isla_san_roque_shallow,27.148,-114.37048,daniela_amador,inverts,2,0_10,,Lithopoma_spp,7,5,ecological_monitoring,
2020,8,27,isla_san_roque_shallow,27.148,-114.37048,daniela_amador,inverts,2,0_10,,Lithopoma_spp,9,8,ecological_monitoring,
2020,8,27,isla_san_roque_shallow,27.148,-114.37048,daniela_amador,inverts,2,0_10,,Craniella_arb,3,,ecological_monitoring,
2020,8,27,isla_san_roque_shallow,27.148,-114.37048,daniela_amador,inverts,2,0_10,,Flabellinopsis_iodinea,1,,ecological_monitoring,
2020,8,27,isla_san_roque_shallow,27.148,-114.37048,daniela_amador,inverts,2,0_10,,Muricea_fruticosa,1,,ecological_monitoring,
2020,8,27,isla_san_roque_shallow,27.148,-114.37048,daniela_amador,inverts,2,0_10,,Linckia_columbiae,2,,ecological_monitoring,
2020,8,27,isla_san_roque_shallow,27.148,-114.37048,daniela_amador,inverts,2,0_10,,Muricea_californica,1,,ecological_monitoring,
2020,8,27,isla_san_roque_shallow,27.148,-114.37048,daniela_amador,inverts,2,0_10,,Anthopleura_spp,1,,ecological_monitoring,
2020,8,27,isla_san_roque_shallow,27.148,-114.37048,daniela_amador,inverts,2,0_10,,Haliotis_rufescens,1,13,ecological_monitoring,
2020,8,27,isla_san_roque_shallow,27.148,-114.37048,daniela_amador,inverts,2,0_10,,Haliotis_corrugata,1,13,ecological_monitoring,
2020,8,27,isla_san_roque_shallow,27.148,-114.37048,daniela_amador,inverts,2,10_20,,Panulirus_interruptus,1,,ecological_monitoring,
2020,8,27,isla_san_roque_shallow,27.148,-114.37048,daniela_amador,inverts,2,10_20,,Lithopoma_spp,3,10,ecological_monitoring,
2020,8,27,isla_san_roque_shallow,27.148,-114.37048,daniela_amador,inverts,2,10_20,,Lithopoma_spp,1,5,ecological_monitoring,
2020,8,27,isla_san_roque_shallow,27.148,-114.37048,daniela_amador,inverts,2,10_20,,Lithopoma_spp,2,8,ecological_monitoring,
2020,8,27,isla_san_roque_shallow,27.148,-114.37048,daniela_amador,inverts,2,10_20,,Muricea_fruticosa,1,,ecological_monitoring,
2020,8,27,isla_san_roque_shallow,27.148,-114.37048,daniela_amador,inverts,2,10_20,,Anthopleura_spp,3,,ecological_monitoring,
2020,8,27,isla_san_roque_shallow,27.148,-114.37048,daniela_amador,inverts,2,10_20,,Felimida_krohni,1,,ecological_monitoring,
2020,8,27,isla_san_roque_shallow,27.148,-114.37048,daniela_amador,inverts,2,10_20,,Haliotis_rufescens,1,12,ecological_monitoring,
2020,8,27,isla_san_roque_shallow,27.148,-114.37048,daniela_amador,inverts,2,10_20,,Haliotis_corrugata,1,12,ecological_monitoring,
2020,8,27,isla_san_roque_shallow,27.148,-114.37048,daniela_amador,inverts,2,10_20,,Haliotis_rufescens,1,14,ecological_monitoring,
2020,8,27,isla_san_roque_shallow,27.148,-114.37048,daniela_amador,inverts,2,20_30,,Haliotis_corrugata,1,13,ecological_monitoring,
2020,8,27,isla_san_roque_shallow,27.148,-114.37048,daniela_amador,inverts,2,20_30,,Haliotis_corrugata,1,7,ecological_monitoring,
2020,8,27,isla_san_roque_shallow,27.148,-114.37048,daniela_amador,inverts,2,20_30,,Haliotis_corrugata,1,13,ecological_monitoring,
2020,8,27,isla_san_roque_shallow,27.148,-114.37048,daniela_amador,inverts,2,20_30,,Haliotis_rufescens,1,9,ecological_monitoring,
2020,8,27,isla_san_roque_shallow,27.148,-114.37048,daniela_amador,inverts,2,20_30,,Panulirus_interruptus,3,,ecological_monitoring,
2020,8,27,isla_san_roque_shallow,27.148,-114.37048,daniela_amador,inverts,2,20_30,,Lithopoma_spp,3,10,ecological_monitoring,
2020,8,27,isla_san_roque_shallow,27.148,-114.37048,daniela_amador,inverts,2,20_30,,Lithopoma_spp,3,5,ecological_monitoring,
2020,8,27,isla_san_roque_shallow,27.148,-114.37048,daniela_amador,inverts,2,20_30,,Lithopoma_spp,5,12,ecological_monitoring,
2020,8,27,isla_san_roque_shallow,27.148,-114.37048,daniela_amador,inverts,2,20_30,,Muricea_californica,2,,ecological_monitoring,
2020,8,27,isla_san_roque_shallow,27.148,-114.37048,daniela_amador,inverts,2,20_30,,Linckia_columbiae,2,,ecological_monitoring,
2020,8,27,isla_san_roque_shallow,27.148,-114.37048,daniela_amador,inverts,2,20_30,,Muricea_fruticosa,2,,ecological_monitoring,
2020,8,27,isla_san_roque_shallow,27.148,-114.37048,daniela_amador,inverts,2,20_30,,Eucidaris_thouarsii,3,,ecological_monitoring,
>>>>>>> 08f129afd55c774a592e7393e390ae06a0aa0fe4
