Year,Month,Day,Site,Level,Observer,Transect_type,Transect_number,Transect_section,Depth_m,Lat,Long,Genusspecies,Frequency,Size_cm,Comment
2019,7,28,Isla_San_Roque,Deep,Misael Emeterio,algae,1,0_10,18,27.14672,-114.36732,Laminaria,3,,
2019,7,28,Isla_San_Roque,Deep,Misael Emeterio,algae,1,0_10,18,27.14672,-114.36732,Cystoseira_osmundasea,14,,s
2019,7,28,Isla_San_Roque,Deep,Misael Emeterio,algae,1,0_10,18,27.14672,-114.36732,Eisenia_arborea,11,,m
2019,7,28,Isla_San_Roque,Deep,Misael Emeterio,algae,1,0_10,18,27.14672,-114.36732,Dictyotales_spp,9,,p
2019,7,28,Isla_San_Roque,Deep,Misael Emeterio,algae,1,0_10,18,27.14672,-114.36732,Dictyotales_spp,2,,
2019,7,28,Isla_San_Roque,Deep,Misael Emeterio,algae,1,10_20,18,27.14672,-114.36732,Laminaria,4,,
2019,7,28,Isla_San_Roque,Deep,Misael Emeterio,algae,1,10_20,18,27.14672,-114.36732,Eisenia_arborea,8,,
2019,7,28,Isla_San_Roque,Deep,Misael Emeterio,algae,1,10_20,18,27.14672,-114.36732,Dictyotales_spp,12,,
2019,7,28,Isla_San_Roque,Deep,Misael Emeterio,algae,1,20_30,18,27.14672,-114.36732,Laminaria,6,,
2019,7,28,Isla_San_Roque,Deep,Misael Emeterio,algae,1,20_30,18,27.14672,-114.36732,Cystoseira_osmundasea,1,,
2019,7,28,Isla_San_Roque,Deep,Misael Emeterio,algae,1,20_30,18,27.14672,-114.36732,Eisenia_arborea,18,,
2019,7,28,Isla_San_Roque,Deep,Misael Emeterio,algae,1,20_30,18,27.14672,-114.36732,Dictyotales_spp,4,,
2019,7,28,Isla_San_Roque,Deep,Misael Emeterio,algae,2,0_10,18,27.14672,-114.36732,Laminaria,5,,
2019,7,28,Isla_San_Roque,Deep,Misael Emeterio,algae,2,0_10,18,27.14672,-114.36732,Cystoseira_osmundasea,2,,
2019,7,28,Isla_San_Roque,Deep,Misael Emeterio,algae,2,0_10,18,27.14672,-114.36732,Eisenia_arborea,4,,
2019,7,28,Isla_San_Roque,Deep,Misael Emeterio,algae,2,0_10,18,27.14672,-114.36732,Dictyotales_spp,24,,
2019,7,28,Isla_San_Roque,Deep,Misael Emeterio,algae,2,10_20,18,27.14672,-114.36732,Laminaria,6,,
2019,7,28,Isla_San_Roque,Deep,Misael Emeterio,algae,2,10_20,18,27.14672,-114.36732,Eisenia_arborea,6,,
2019,7,28,Isla_San_Roque,Deep,Misael Emeterio,algae,2,10_20,18,27.14672,-114.36732,Dictyotales_spp,16,,
2019,7,28,Isla_San_Roque,Deep,Misael Emeterio,algae,2,20_30,18,27.14672,-114.36732,Laminaria,7,,
2019,7,28,Isla_San_Roque,Deep,Misael Emeterio,algae,2,20_30,18,27.14672,-114.36732,Cystoseira_osmundasea,2,,
2019,7,28,Isla_San_Roque,Deep,Misael Emeterio,algae,2,20_30,18,27.14672,-114.36732,Eisenia_arborea,3,,
2019,7,28,Isla_San_Roque,Deep,Misael Emeterio,algae,2,20_30,18,27.14672,-114.36732,Dictyotales_spp,16,,
2019,7,28,Isla_San_Roque,Mid,Misael Emeterio,algae,1,0_10,9,27.14703,-114.3686,Cystoseira_osmundasea,3,,
2019,7,28,Isla_San_Roque,Mid,Misael Emeterio,algae,1,0_10,9,27.14703,-114.3686,Eisenia_arborea,40,,
2019,7,28,Isla_San_Roque,Mid,Misael Emeterio,algae,1,10_20,9,27.14703,-114.3686,Eisenia_arborea,30,,
2019,7,28,Isla_San_Roque,Mid,Misael Emeterio,algae,1,10_20,9,27.14703,-114.3686,Phyllospadix_spp,,,
2019,7,28,Isla_San_Roque,Mid,Misael Emeterio,algae,1,20_30,9,27.14703,-114.3686,Cystoseira_osmundasea,2,,
2019,7,28,Isla_San_Roque,Mid,Misael Emeterio,algae,1,20_30,9,27.14703,-114.3686,Eisenia_arborea,26,,
2019,7,28,Isla_San_Roque,Mid,Misael Emeterio,algae,1,20_30,9,27.14703,-114.3686,Phyllospadix_spp,,,
2019,7,28,Isla_San_Roque,Mid,Misael Emeterio,algae,2,0_10,9,27.14703,-114.3686,Cystoseira_osmundasea,7,,
2019,7,28,Isla_San_Roque,Mid,Misael Emeterio,algae,2,0_10,9,27.14703,-114.3686,Eisenia_arborea,31,,
2019,7,28,Isla_San_Roque,Mid,Misael Emeterio,algae,2,10_20,9,27.14703,-114.3686,Laminaria,1,,
2019,7,28,Isla_San_Roque,Mid,Misael Emeterio,algae,2,10_20,9,27.14703,-114.3686,Cystoseira_osmundasea,2,,
2019,7,28,Isla_San_Roque,Mid,Misael Emeterio,algae,2,10_20,9,27.14703,-114.3686,Eisenia_arborea,29,,
2019,7,28,Isla_San_Roque,Mid,Misael Emeterio,algae,2,20_30,9,27.14703,-114.3686,Cystoseira_osmundasea,3,,
2019,7,28,Isla_San_Roque,Mid,Misael Emeterio,algae,2,20_30,9,27.14703,-114.3686,Eisenia_arborea,38,,
2019,7,28,Isla_San_Roque,Shallow,Misael Emeterio,algae,1,0_10,5,27.148,-114.37048,Dictyotales_spp,1,,
2019,7,28,Isla_San_Roque,Shallow,Misael Emeterio,algae,1,0_10,5,27.148,-114.37048,Undaria_pinnatifida,2,,
2019,7,28,Isla_San_Roque,Shallow,Misael Emeterio,algae,1,0_10,5,27.148,-114.37048,Laminaria,6,,
2019,7,28,Isla_San_Roque,Shallow,Misael Emeterio,algae,1,0_10,5,27.148,-114.37048,Eisenia_arborea,35,,
2019,7,28,Isla_San_Roque,Shallow,Misael Emeterio,algae,1,0_10,5,27.148,-114.37048,Cystoseira_osmundasea,3,,
2019,7,28,Isla_San_Roque,Shallow,Misael Emeterio,algae,1,10_20,5,27.148,-114.37048,Dictyotales_spp,1,,
2019,7,28,Isla_San_Roque,Shallow,Misael Emeterio,algae,1,10_20,5,27.148,-114.37048,Laminaria,7,,
2019,7,28,Isla_San_Roque,Shallow,Misael Emeterio,algae,1,10_20,5,27.148,-114.37048,Eisenia_arborea,22,,
2019,7,28,Isla_San_Roque,Shallow,Misael Emeterio,algae,1,10_20,5,27.148,-114.37048,Cystoseira_osmundasea,16,,
2019,7,28,Isla_San_Roque,Shallow,Misael Emeterio,algae,1,20_30,5,27.148,-114.37048,Laminaria,2,,
2019,7,28,Isla_San_Roque,Shallow,Misael Emeterio,algae,1,20_30,5,27.148,-114.37048,Eisenia_arborea,55,,
2019,7,28,Isla_San_Roque,Shallow,Misael Emeterio,algae,1,20_30,5,27.148,-114.37048,Cystoseira_osmundasea,4,,
2019,7,28,Isla_San_Roque,Shallow,Misael Emeterio,algae,2,0_10,5,27.148,-114.37048,Dictyotales_spp,1,,
2019,7,28,Isla_San_Roque,Shallow,Misael Emeterio,algae,2,0_10,5,27.148,-114.37048,Dictyotales_spp,1,,
2019,7,28,Isla_San_Roque,Shallow,Misael Emeterio,algae,2,0_10,5,27.148,-114.37048,Laminaria,8,,
2019,7,28,Isla_San_Roque,Shallow,Misael Emeterio,algae,2,0_10,5,27.148,-114.37048,Eisenia_arborea,35,,
2019,7,28,Isla_San_Roque,Shallow,Misael Emeterio,algae,2,0_10,5,27.148,-114.37048,Cystoseira_osmundasea,1,,
2019,7,28,Isla_San_Roque,Shallow,Misael Emeterio,algae,2,0_10,5,27.148,-114.37048,Phyllospadix_spp,,,
2019,7,28,Isla_San_Roque,Shallow,Misael Emeterio,algae,2,10_20,5,27.148,-114.37048,Laminaria,6,,
2019,7,28,Isla_San_Roque,Shallow,Misael Emeterio,algae,2,10_20,5,27.148,-114.37048,Eisenia_arborea,42,,
2019,7,28,Isla_San_Roque,Shallow,Misael Emeterio,algae,2,10_20,5,27.148,-114.37048,Cystoseira_osmundasea,3,,
2019,7,28,Isla_San_Roque,Shallow,Misael Emeterio,algae,2,20_30,5,27.148,-114.37048,Laminaria,7,,
2019,7,28,Isla_San_Roque,Shallow,Misael Emeterio,algae,2,20_30,5,27.148,-114.37048,Eisenia_arborea,35,,
2019,7,28,Isla_San_Roque,Shallow,Misael Emeterio,algae,2,20_30,5,27.148,-114.37048,Cystoseira_osmundasea,2,,
2019,7,28,Isla_San_Roque,Shallow,Misael Emeterio,algae,2,20_30,5,27.148,-114.37048,Phyllospadix_spp,,,
2019,7,28,Isla San Roque,deep,Eliot,Fish,1,Na,18,27.14672,-114.36732,Halichoeres semicinctus,1,30,
2019,7,28,Isla San Roque,deep,Eliot,Fish,1,Na,18,27.14672,-114.36732,Halichoeres semicinctus,3,20,
2019,7,28,Isla San Roque,deep,Eliot,Fish,1,Na,18,27.14672,-114.36732,Halichoeres semicinctus,13,10,
2019,7,28,Isla San Roque,deep,Eliot,Fish,2,Na,18,27.14672,-114.36732,Halichoeres semicinctus,3,15,
2019,7,28,Isla San Roque,deep,Eliot,Fish,2,Na,18,27.14672,-114.36732,Halichoeres semicinctus,3,10,
2019,7,28,Isla San Roque,deep,Eliot,Fish,2,Na,18,27.14672,-114.36732,Hypomesus_pretiosus,37,20,
2019,7,28,Isla San Roque,mid,Eliot,Fish,1,Na,12,27.14703,-114.3686,Halichoeres semicinctus,4,30,
2019,7,28,Isla San Roque,mid,Eliot,Fish,1,Na,12,27.14703,-114.3686,Halichoeres semicinctus,7,10,
2019,7,28,Isla San Roque,mid,Eliot,Fish,1,Na,12,27.14703,-114.3686,Halichoeres semicinctus,5,22,
2019,7,28,Isla San Roque,mid,Eliot,Fish,1,Na,12,27.14703,-114.3686,Chromis_punctipinnis,1,20,
2019,7,28,Isla San Roque,mid,Eliot,Fish,1,Na,12,27.14703,-114.3686,Chromis_punctipinnis,2,10,
2019,7,28,Isla San Roque,mid,Eliot,Fish,1,Na,12,27.14703,-114.3686,Semicossyphus_pulcher,1,30,
2019,7,28,Isla San Roque,mid,Eliot,Fish,1,Na,12,27.14703,-114.3686,Paralabrax_clathratus,2,40,
2019,7,28,Isla San Roque,mid,Eliot,Fish,1,Na,12,27.14703,-114.3686,Paralabrax_clathratus,5,30,
2019,7,28,Isla San Roque,mid,Eliot,Fish,1,Na,12,27.14703,-114.3686,Paralabrax_clathratus,1,50,
2019,7,28,Isla San Roque,mid,Eliot,Fish,2,Na,12,27.14703,-114.3686,Halichoeres semicinctus,4,30,
2019,7,28,Isla San Roque,mid,Eliot,Fish,2,Na,12,27.14703,-114.3686,Halichoeres semicinctus,20,10,
2019,7,28,Isla San Roque,mid,Eliot,Fish,2,Na,12,27.14703,-114.3686,Halichoeres semicinctus,1,20,
2019,7,28,Isla San Roque,mid,Eliot,Fish,2,Na,12,27.14703,-114.3686,Chromis_punctipinnis,5,20,
2019,7,28,Isla San Roque,mid,Eliot,Fish,2,Na,12,27.14703,-114.3686,Chromis_punctipinnis,4,15,
2019,7,28,Isla San Roque,mid,Eliot,Fish,2,Na,12,27.14703,-114.3686,Semicossyphus_pulcher,4,35,
2019,7,28,Isla San Roque,mid,Eliot,Fish,2,Na,12,27.14703,-114.3686,Semicossyphus_pulcher,1,40,
2019,7,28,Isla San Roque,mid,Eliot,Fish,2,Na,12,27.14703,-114.3686,Semicossyphus_pulcher,1,20,
2019,7,28,Isla San Roque,mid,Eliot,Fish,2,Na,12,27.14703,-114.3686,Paralabrax_clathratus,11,40,
2019,7,28,Isla San Roque,mid,Eliot,Fish,2,Na,12,27.14703,-114.3686,Paralabrax_clathratus,1,25,
2019,7,28,Isla San Roque,mid,Eliot,Fish,2,Na,12,27.14703,-114.3686,Girella_nigricans,1,35,
2019,7,28,Isla San Roque,mid,Eliot,Fish,2,Na,12,27.14703,-114.3686,hypsypops_rubicundus,6,35,
2019,7,28,Isla San Roque,Shallow,Eliot,Fish,1,Na,6,27.148,-114.37048,Halichoeres semicinctus,4,10,
2019,7,28,Isla San Roque,Shallow,Eliot,Fish,1,Na,6,27.148,-114.37048,Halichoeres semicinctus,2,20,
2019,7,28,Isla San Roque,Shallow,Eliot,Fish,1,Na,6,27.148,-114.37048,Semicossyphus_pulcher,1,30,
2019,7,28,Isla San Roque,Shallow,Eliot,Fish,1,Na,6,27.148,-114.37048,Paralabrax_clathratus,4,20,
2019,7,28,Isla San Roque,Shallow,Eliot,Fish,1,Na,6,27.148,-114.37048,Embiotoca_lateralis,8,10,
2019,7,28,Isla San Roque,Shallow,Eliot,Fish,1,Na,6,27.148,-114.37048,hypsypops_rubicundus,2,30,
2019,7,28,Isla San Roque,Shallow,Eliot,Fish,2,Na,6,27.148,-114.37048,Halichoeres semicinctus,2,25,
2019,7,28,Isla San Roque,Shallow,Eliot,Fish,2,Na,6,27.148,-114.37048,Halichoeres semicinctus,1,35,
2019,7,28,Isla San Roque,Shallow,Eliot,Fish,2,Na,6,27.148,-114.37048,Paralabrax_clathratus,2,30,
2019,7,28,Isla San Roque,Shallow,Eliot,Fish,2,Na,6,27.148,-114.37048,Embiotoca_lateralis,3,12,
2019,7,28,Isla_San_Roque,Deep,Jeremie,inverts,1,0_10,20,27.14672,-114.36732,Megastrea_undosa,1,5,
2019,7,28,Isla_San_Roque,Deep,Jeremie,inverts,1,0_10,20,27.14672,-114.36732,Megastrea_undosa,1,7,
2019,7,28,Isla_San_Roque,Deep,Jeremie,inverts,1,0_10,20,27.14672,-114.36732,Megastrea_undosa,3,6,
2019,7,28,Isla_San_Roque,Deep,Jeremie,inverts,1,0_10,20,27.14672,-114.36732,Megastrea_undosa,1,8,
2019,7,28,Isla_San_Roque,Deep,Jeremie,inverts,1,0_10,20,27.14672,-114.36732,Megastrea_undosa,1,9,
2019,7,28,Isla_San_Roque,Deep,Jeremie,inverts,1,0_10,20,27.14672,-114.36732,Acarnus_erithacus,10,na,
2019,7,28,Isla_San_Roque,Deep,Jeremie,inverts,1,0_10,20,27.14672,-114.36732,Hippodiplosioa_insculpta,1,na,
2019,7,28,Isla_San_Roque,Deep,Jeremie,inverts,1,0_10,20,27.14672,-114.36732,Tegula_spp,1,na,
2019,7,28,Isla_San_Roque,Deep,Jeremie,inverts,1,0_10,20,27.14672,-114.36732,Spheciospongia_confoederata,3,na,
2019,7,28,Isla_San_Roque,Deep,Jeremie,inverts,1,10_20,20,27.14672,-114.36732,Megastrea_undosa,1,7,
2019,7,28,Isla_San_Roque,Deep,Jeremie,inverts,1,10_20,20,27.14672,-114.36732,Megastrea_undosa,1,10,
2019,7,28,Isla_San_Roque,Deep,Jeremie,inverts,1,10_20,20,27.14672,-114.36732,Megastrea_undosa,1,5,
2019,7,28,Isla_San_Roque,Deep,Jeremie,inverts,1,10_20,20,27.14672,-114.36732,Acarnus_erithacus,3,na,
2019,7,28,Isla_San_Roque,Deep,Jeremie,inverts,1,20_30,20,27.14672,-114.36732,Megastrea_undosa,1,6,
2019,7,28,Isla_San_Roque,Deep,Jeremie,inverts,1,20_30,20,27.14672,-114.36732,Megastrea_undosa,1,5,
2019,7,28,Isla_San_Roque,Deep,Jeremie,inverts,1,20_30,20,27.14672,-114.36732,Megastrea_undosa,3,4,
2019,7,28,Isla_San_Roque,Deep,Jeremie,inverts,1,20_30,20,27.14672,-114.36732,Megastrea_undosa,2,3,
2019,7,28,Isla_San_Roque,Deep,Jeremie,inverts,1,20_30,20,27.14672,-114.36732,Tethya_aurantia,1,na,
2019,7,28,Isla_San_Roque,Deep,Jeremie,inverts,1,20_30,20,27.14672,-114.36732,Acarnus_erithacus,8,na,
2019,7,28,Isla_San_Roque,Deep,Jeremie,inverts,1,20_30,20,27.14672,-114.36732,Spheciospongia_confoederata,1,na,
2019,7,28,Isla_San_Roque,Deep,Jeremie,inverts,2,0_10,20,27.14672,-114.36732,Megastrea_undosa,1,8,
2019,7,28,Isla_San_Roque,Deep,Jeremie,inverts,2,0_10,20,27.14672,-114.36732,Megastrea_undosa,1,10,
2019,7,28,Isla_San_Roque,Deep,Jeremie,inverts,2,0_10,20,27.14672,-114.36732,Megastrea_undosa,1,7,
2019,7,28,Isla_San_Roque,Deep,Jeremie,inverts,2,0_10,20,27.14672,-114.36732,Acarnus_erithacus,8,na,
2019,7,28,Isla_San_Roque,Deep,Jeremie,inverts,2,0_10,20,27.14672,-114.36732,Spheciospongia_confoederata,3,na,
2019,7,28,Isla_San_Roque,Deep,Jeremie,inverts,2,10_20,20,27.14672,-114.36732,Henricia,1,na,
2019,7,28,Isla_San_Roque,Deep,Jeremie,inverts,2,10_20,20,27.14672,-114.36732,Megastrea_undosa,1,8,
2019,7,28,Isla_San_Roque,Deep,Jeremie,inverts,2,10_20,20,27.14672,-114.36732,Megastrea_undosa,1,7,
2019,7,28,Isla_San_Roque,Deep,Jeremie,inverts,2,10_20,20,27.14672,-114.36732,Megastrea_undosa,2,9,
2019,7,28,Isla_San_Roque,Deep,Jeremie,inverts,2,10_20,20,27.14672,-114.36732,Megastrea_undosa,1,12,
2019,7,28,Isla_San_Roque,Deep,Jeremie,inverts,2,10_20,20,27.14672,-114.36732,Megastrea_undosa,1,13,
2019,7,28,Isla_San_Roque,Deep,Jeremie,inverts,2,10_20,20,27.14672,-114.36732,Acarnus_erithacus,2,na,
2019,7,28,Isla_San_Roque,Deep,Jeremie,inverts,2,20_30,20,27.14672,-114.36732,Megastrea_undosa,2,12,
2019,7,28,Isla_San_Roque,Deep,Jeremie,inverts,2,20_30,20,27.14672,-114.36732,Megastrea_undosa,1,11,
2019,7,28,Isla_San_Roque,Deep,Jeremie,inverts,2,20_30,20,27.14672,-114.36732,Centrostephanus_coronatus,1,12,
2019,7,28,Isla_San_Roque,Deep,Jeremie,inverts,2,20_30,20,27.14672,-114.36732,Centrostephanus_coronatus,1,11,
2019,7,28,Isla_San_Roque,Deep,Jeremie,inverts,2,20_30,20,27.14672,-114.36732,Acarnus_erithacus,6,na,
2019,7,28,Isla_San_Roque,Deep,Jeremie,inverts,2,20_30,20,27.14672,-114.36732,Spheciospongia_confoederata,3,na,
2019,7,28,Isla_San_Roque,mid,Jeremie,inverts,1,0_10,11,27.14703,-114.3686,Megastrea_undosa,2,12,
2019,7,28,Isla_San_Roque,mid,Jeremie,inverts,1,0_10,11,27.14703,-114.3686,Megastrea_undosa,1,7,
2019,7,28,Isla_San_Roque,mid,Jeremie,inverts,1,0_10,11,27.14703,-114.3686,Megastrea_undosa,1,8,
2019,7,28,Isla_San_Roque,mid,Jeremie,inverts,1,0_10,11,27.14703,-114.3686,Centrostephanus_coronatus,1,15,
2019,7,28,Isla_San_Roque,mid,Jeremie,inverts,1,0_10,11,27.14703,-114.3686,Centrostephanus_coronatus,1,8,
2019,7,28,Isla_San_Roque,mid,Jeremie,inverts,1,0_10,11,27.14703,-114.3686,Centrostephanus_coronatus,1,9,
2019,7,28,Isla_San_Roque,mid,Jeremie,inverts,1,0_10,11,27.14703,-114.3686,Tethya_aurantia,1,na,
2019,7,28,Isla_San_Roque,mid,Jeremie,inverts,1,0_10,11,27.14703,-114.3686,Acarnus_erithacus,8,na,
2019,7,28,Isla_San_Roque,mid,Jeremie,inverts,1,0_10,11,27.14703,-114.3686,Spheciospongia_confoederata,1,na,
2019,7,28,Isla_San_Roque,mid,Jeremie,inverts,1,0_10,11,27.14703,-114.3686,Eucidaris_spp,3,na,
2019,7,28,Isla_San_Roque,mid,Jeremie,inverts,1,10_20,11,27.14703,-114.3686,Panulirus_innterruptus         ,2,na,
2019,7,28,Isla_San_Roque,mid,Jeremie,inverts,1,10_20,11,27.14703,-114.3686,Megastrea_undosa,1,7,
2019,7,28,Isla_San_Roque,mid,Jeremie,inverts,1,10_20,11,27.14703,-114.3686,Megastrea_undosa,2,12,
2019,7,28,Isla_San_Roque,mid,Jeremie,inverts,1,10_20,11,27.14703,-114.3686,Megastrea_undosa,2,13,
2019,7,28,Isla_San_Roque,mid,Jeremie,inverts,1,10_20,11,27.14703,-114.3686,Megastrea_undosa,3,10,
2019,7,28,Isla_San_Roque,mid,Jeremie,inverts,1,10_20,11,27.14703,-114.3686,Megastrea_undosa,2,9,
2019,7,28,Isla_San_Roque,mid,Jeremie,inverts,1,10_20,11,27.14703,-114.3686,Megastrea_undosa,1,8,
2019,7,28,Isla_San_Roque,mid,Jeremie,inverts,1,10_20,11,27.14703,-114.3686,Megastrea_undosa,1,16,
2019,7,28,Isla_San_Roque,mid,Jeremie,inverts,1,10_20,11,27.14703,-114.3686,Megastrea_undosa,1,11,
2019,7,28,Isla_San_Roque,mid,Jeremie,inverts,1,10_20,11,27.14703,-114.3686,Centrostephanus_coronatus,1,10,
2019,7,28,Isla_San_Roque,mid,Jeremie,inverts,1,10_20,11,27.14703,-114.3686,Acarnus_erithacus,8,na,
2019,7,28,Isla_San_Roque,mid,Jeremie,inverts,1,10_20,11,27.14703,-114.3686,Eucidaris_spp,3,na,
2019,7,28,Isla_San_Roque,mid,Jeremie,inverts,1,20_30,11,27.14703,-114.3686,Megastrea_undosa,3,12,
2019,7,28,Isla_San_Roque,mid,Jeremie,inverts,1,20_30,11,27.14703,-114.3686,Megastrea_undosa,2,13,
2019,7,28,Isla_San_Roque,mid,Jeremie,inverts,1,20_30,11,27.14703,-114.3686,Megastrea_undosa,1,11,
2019,7,28,Isla_San_Roque,mid,Jeremie,inverts,1,20_30,11,27.14703,-114.3686,Megastrea_undosa,1,14,
2019,7,28,Isla_San_Roque,mid,Jeremie,inverts,1,20_30,11,27.14703,-114.3686,Centrostephanus_coronatus,1,11,
2019,7,28,Isla_San_Roque,mid,Jeremie,inverts,1,20_30,11,27.14703,-114.3686,Centrostephanus_coronatus,1,8,
2019,7,28,Isla_San_Roque,mid,Jeremie,inverts,1,20_30,11,27.14703,-114.3686,Centrostephanus_coronatus,1,15,
2019,7,28,Isla_San_Roque,mid,Jeremie,inverts,1,20_30,11,27.14703,-114.3686,Centrostephanus_coronatus,1,20,
2019,7,28,Isla_San_Roque,mid,Jeremie,inverts,1,20_30,11,27.14703,-114.3686,Centrostephanus_coronatus,1,18,
2019,7,28,Isla_San_Roque,mid,Jeremie,inverts,1,20_30,11,27.14703,-114.3686,Acarnus_erithacus,6,na,
2019,7,28,Isla_San_Roque,mid,Jeremie,inverts,1,20_30,11,27.14703,-114.3686,Eucidaris_spp,2,na,
2019,7,28,Isla_San_Roque,mid,Jeremie,inverts,2,0_10,11,27.14703,-114.3686,Megastrea_undosa,1,5,
2019,7,28,Isla_San_Roque,mid,Jeremie,inverts,2,0_10,11,27.14703,-114.3686,Megastrea_undosa,1,6,
2019,7,28,Isla_San_Roque,mid,Jeremie,inverts,2,0_10,11,27.14703,-114.3686,Megastrea_undosa,1,11,
2019,7,28,Isla_San_Roque,mid,Jeremie,inverts,2,0_10,11,27.14703,-114.3686,Megastrea_undosa,1,7,
2019,7,28,Isla_San_Roque,mid,Jeremie,inverts,2,0_10,11,27.14703,-114.3686,Acarnus_erithacus,8,,
2019,7,28,Isla_San_Roque,mid,Jeremie,inverts,2,10_20,11,27.14703,-114.3686,Megastrea_undosa,1,8,
2019,7,28,Isla_San_Roque,mid,Jeremie,inverts,2,10_20,11,27.14703,-114.3686,Acarnus_erithacus,5,na,
2019,7,28,Isla_San_Roque,mid,Jeremie,inverts,2,20_30,11,27.14703,-114.3686,Acarnus_erithacus,3,na,
2019,7,28,Isla_San_Roque,mid,Jeremie,inverts,2,20_30,11,27.14703,-114.3686,Spheciospongia_confoederata,1,na,
2019,7,28,Isla_San_Roque,shallow,Jeremie,inverts,1,0_10,4,27.148,-114.37048,Panulirus_innterruptus         ,3,na,
2019,7,28,Isla_San_Roque,shallow,Jeremie,inverts,1,0_10,4,27.148,-114.37048,Megastrea_undosa,2,15,
2019,7,28,Isla_San_Roque,shallow,Jeremie,inverts,1,0_10,4,27.148,-114.37048,Megastrea_undosa,1,8,
2019,7,28,Isla_San_Roque,shallow,Jeremie,inverts,1,0_10,4,27.148,-114.37048,Acarnus_erithacus,1,na,
2019,7,28,Isla_San_Roque,shallow,Jeremie,inverts,1,0_10,4,27.148,-114.37048,Centrostephanus_coronatus,1,11,
2019,7,28,Isla_San_Roque,shallow,Jeremie,inverts,1,10_20,4,27.148,-114.37048,Panulirus_innterruptus         ,3,na,
2019,7,28,Isla_San_Roque,shallow,Jeremie,inverts,1,10_20,4,27.148,-114.37048,Acarnus_erithacus,4,na,
2019,7,28,Isla_San_Roque,shallow,Jeremie,inverts,1,20_30,4,27.148,-114.37048,Panulirus_innterruptus         ,1,na,
2019,7,28,Isla_San_Roque,shallow,Jeremie,inverts,1,0_10,4,27.148,-114.37048,Panulirus_innterruptus         ,3,na,
2019,7,28,Isla_San_Roque,shallow,Jeremie,inverts,2,0_10,4,27.148,-114.37048,Megastrea_undosa,1,15,
2019,7,28,Isla_San_Roque,shallow,Jeremie,inverts,2,0_10,4,27.148,-114.37048,Acarnus_erithacus,5,na,
2019,7,28,Isla_San_Roque,shallow,Jeremie,inverts,2,10_20,4,27.148,-114.37048,Panulirus_innterruptus         ,2,na,
2019,7,28,Isla_San_Roque,shallow,Jeremie,inverts,2,10_20,4,27.148,-114.37048,Megastrea_undosa,1,8,
2019,7,28,Isla_San_Roque,shallow,Jeremie,inverts,2,10_20,4,27.148,-114.37048,haliotis_spp,1,13,
2019,7,28,Isla_San_Roque,shallow,Jeremie,inverts,2,10_20,4,27.148,-114.37048,haliotis_spp,1,15,
2019,7,28,Isla_San_Roque,shallow,Jeremie,inverts,2,10_20,4,27.148,-114.37048,Acarnus_erithacus,4,na,
2019,7,28,Isla_San_Roque,shallow,Jeremie,inverts,2,20_30,4,27.148,-114.37048,Panulirus_innterruptus         ,1,na,
2019,7,28,Isla_San_Roque,shallow,Jeremie,inverts,2,20_30,4,27.148,-114.37048,Acarnus_erithacus,2,na,
2019,7,28,Isla_San_Roque,Shallow,Caro Felix,upc,1,NA,5,27.148,-114.37048,Bedrock_1_m,1,,
2019,7,28,Isla_San_Roque,Shallow,Caro Felix,upc,1,NA,5,27.148,-114.37048,Boulder_10_cm_1_m,15,,
2019,7,28,Isla_San_Roque,Shallow,Caro Felix,upc,1,NA,5,27.148,-114.37048,Cobble_10cm,14,,
2019,7,28,Isla_San_Roque,Shallow,Caro Felix,upc,1,NA,5,27.148,-114.37048,0_10 cm,9,,
2019,7,28,Isla_San_Roque,Shallow,Caro Felix,upc,1,NA,5,27.148,-114.37048,10 cm_1 m,21,,
2019,7,28,Isla_San_Roque,Shallow,Caro Felix,upc,1,NA,5,27.148,-114.37048,Crustose_coralline_algae ,12,,
2019,7,28,Isla_San_Roque,Shallow,Caro Felix,upc,1,NA,5,27.148,-114.37048,Articulated_coralline_algae ,14,,
2019,7,28,Isla_San_Roque,Shallow,Caro Felix,upc,1,NA,5,27.148,-114.37048,Cystoseira_osmundasea,1,,
2019,7,28,Isla_San_Roque,Shallow,Caro Felix,upc,1,NA,5,27.148,-114.37048,Egregia_menziesii,1,,
2019,7,28,Isla_San_Roque,Shallow,Caro Felix,upc,1,NA,5,27.148,-114.37048,Laminariales_holdfast_live,1,,
2019,7,28,Isla_San_Roque,Shallow,Caro Felix,upc,1,NA,5,27.148,-114.37048,Sponge,1,,
2019,7,28,Isla_San_Roque,Shallow,Caro Felix,upc,2,NA,5,27.148,-114.37048,Bedrock_1_m,4,,
2019,7,28,Isla_San_Roque,Shallow,Caro Felix,upc,2,NA,5,27.148,-114.37048,Boulder_10_cm_1_m,8,,
2019,7,28,Isla_San_Roque,Shallow,Caro Felix,upc,2,NA,5,27.148,-114.37048,Cobble_10cm,13,,
2019,7,28,Isla_San_Roque,Shallow,Caro Felix,upc,2,NA,5,27.148,-114.37048,Sand,5,,
2019,7,28,Isla_San_Roque,Shallow,Caro Felix,upc,2,NA,5,27.148,-114.37048,0_10 cm,10,,
2019,7,28,Isla_San_Roque,Shallow,Caro Felix,upc,2,NA,5,27.148,-114.37048,10 cm_1 m,14,,
2019,7,28,Isla_San_Roque,Shallow,Caro Felix,upc,2,NA,5,27.148,-114.37048,1 m_2 m,6,,
2019,7,28,Isla_San_Roque,Shallow,Caro Felix,upc,2,NA,5,27.148,-114.37048,Bare_sand,5,,
2019,7,28,Isla_San_Roque,Shallow,Caro Felix,upc,2,NA,5,27.148,-114.37048,Articulated_coralline_algae ,18,,
2019,7,28,Isla_San_Roque,Shallow,Caro Felix,upc,2,NA,5,27.148,-114.37048,Crustose_coralline_algae ,1,,
2019,7,28,Isla_San_Roque,Shallow,Caro Felix,upc,2,NA,5,27.148,-114.37048,Cystoseira_osmundasea,1,,
2019,7,28,Isla_San_Roque,Shallow,Caro Felix,upc,2,NA,5,27.148,-114.37048,Egregia_menziesii,3,,
2019,7,28,Isla_San_Roque,Shallow,Caro Felix,upc,2,NA,5,27.148,-114.37048,Sponge,2,,
2019,7,28,Isla_San_Roque,Mid,Caro Felix,upc,1,NA,9,27.14703,-114.3686,Bedrock_1_m,26,,
2019,7,28,Isla_San_Roque,Mid,Caro Felix,upc,1,NA,9,27.14703,-114.3686,Boulder_10_cm_1_m,3,,
2019,7,28,Isla_San_Roque,Mid,Caro Felix,upc,1,NA,9,27.14703,-114.3686,Cobble_10cm,1,,
2019,7,28,Isla_San_Roque,Mid,Caro Felix,upc,1,NA,9,27.14703,-114.3686,0_10 cm,3,,
2019,7,28,Isla_San_Roque,Mid,Caro Felix,upc,1,NA,9,27.14703,-114.3686,10 cm_1 m,22,,
2019,7,28,Isla_San_Roque,Mid,Caro Felix,upc,1,NA,9,27.14703,-114.3686,1 m_2 m,5,,
2019,7,28,Isla_San_Roque,Mid,Caro Felix,upc,1,NA,9,27.14703,-114.3686,Bare_rock,1,,
2019,7,28,Isla_San_Roque,Mid,Caro Felix,upc,1,NA,9,27.14703,-114.3686,Bare_sand,1,,
2019,7,28,Isla_San_Roque,Mid,Caro Felix,upc,1,NA,9,27.14703,-114.3686,Crustose_coralline_algae ,1,,
2019,7,28,Isla_San_Roque,Mid,Caro Felix,upc,1,NA,9,27.14703,-114.3686,Articulated_coralline_algae ,13,,
2019,7,28,Isla_San_Roque,Mid,Caro Felix,upc,1,NA,9,27.14703,-114.3686,Egregia_menziesii,2,,
2019,7,28,Isla_San_Roque,Mid,Caro Felix,upc,1,NA,9,27.14703,-114.3686,Sponge,9,,
2019,7,28,Isla_San_Roque,Mid,Caro Felix,upc,1,NA,9,27.14703,-114.3686,Cystoseira_osmundasea,4,,
2019,7,28,Isla_San_Roque,Mid,Caro Felix,upc,2,NA,9,27.14703,-114.3686,Bedrock_1_m,30,,
2019,7,28,Isla_San_Roque,Mid,Caro Felix,upc,2,NA,9,27.14703,-114.3686,10 cm_1 m,10,,
2019,7,28,Isla_San_Roque,Mid,Caro Felix,upc,2,NA,9,27.14703,-114.3686,1 m_2 m,20,,
2019,7,28,Isla_San_Roque,Mid,Caro Felix,upc,2,NA,9,27.14703,-114.3686,Branch_flat_branching ,1,,
2019,7,28,Isla_San_Roque,Mid,Caro Felix,upc,2,NA,9,27.14703,-114.3686,Articulated_coralline_algae ,17,,
2019,7,28,Isla_San_Roque,Mid,Caro Felix,upc,2,NA,9,27.14703,-114.3686,Egregia_menziesii,2,,
2019,7,28,Isla_San_Roque,Mid,Caro Felix,upc,2,NA,9,27.14703,-114.3686,Dictyotales_spp,1,,
2019,7,28,Isla_San_Roque,Mid,Caro Felix,upc,2,NA,9,27.14703,-114.3686,Sponge,8,,
2019,7,28,Isla_San_Roque,Mid,Caro Felix,upc,2,NA,9,27.14703,-114.3686,Cystoseira_osmundasea,1,,
2019,7,28,Isla_San_Roque,Deep,Caro Felix,upc,1,NA,18,27.14672,-114.36732,Bedrock_1_m,30,,
2019,7,28,Isla_San_Roque,Deep,Caro Felix,upc,1,NA,18,27.14672,-114.36732,0_10 cm,16,,
2019,7,28,Isla_San_Roque,Deep,Caro Felix,upc,1,NA,18,27.14672,-114.36732,10 cm_1 m,14,,
2019,7,28,Isla_San_Roque,Deep,Caro Felix,upc,1,NA,18,27.14672,-114.36732,Branch_flat_branching ,2,,
2019,7,28,Isla_San_Roque,Deep,Caro Felix,upc,1,NA,18,27.14672,-114.36732,leaf_blade_unbranched,7,,
2019,7,28,Isla_San_Roque,Deep,Caro Felix,upc,1,NA,18,27.14672,-114.36732,Crustose_coralline_algae ,5,,
2019,7,28,Isla_San_Roque,Deep,Caro Felix,upc,1,NA,18,27.14672,-114.36732,Articulated_coralline_algae ,12,,
2019,7,28,Isla_San_Roque,Deep,Caro Felix,upc,1,NA,18,27.14672,-114.36732,Egregia_menziesii,2,,
2019,7,28,Isla_San_Roque,Deep,Caro Felix,upc,1,NA,18,27.14672,-114.36732,Sponge,1,,
2019,7,28,Isla_San_Roque,Deep,Caro Felix,upc,1,NA,18,27.14672,-114.36732,Cystoseira_osmundasea,1,,
2019,7,28,Isla_San_Roque,Deep,Caro Felix,upc,2,NA,18,27.14672,-114.36732,Bedrock_1_m,30,,
2019,7,28,Isla_San_Roque,Deep,Caro Felix,upc,2,NA,18,27.14672,-114.36732,0_10 cm,20,,
2019,7,28,Isla_San_Roque,Deep,Caro Felix,upc,2,NA,18,27.14672,-114.36732,10 cm_1 m,10,,
2019,7,28,Isla_San_Roque,Deep,Caro Felix,upc,2,NA,18,27.14672,-114.36732,Crustose_coralline_algae ,10,,
2019,7,28,Isla_San_Roque,Deep,Caro Felix,upc,2,NA,18,27.14672,-114.36732,Articulated_coralline_algae ,13,,
2019,7,28,Isla_San_Roque,Deep,Caro Felix,upc,2,NA,18,27.14672,-114.36732,Egregia_menziesii,2,,
2019,7,28,Isla_San_Roque,Deep,Caro Felix,upc,2,NA,18,27.14672,-114.36732,Laminariales_holdfast_live,2,,
2019,7,28,Isla_San_Roque,Deep,Caro Felix,upc,2,NA,18,27.14672,-114.36732,Colonial_tunicate ,1,,
2019,7,28,Isla_San_Roque,Deep,Caro Felix,upc,2,NA,18,27.14672,-114.36732,Sponge,2,,