Year,Month,Day,Site,Level,Observer,Transect_type,Transect_number,Transect_section,Depth_m,Lat,Long,Genusspecies,Frequency,Size_cm,Comment
2018,2,5,Campo_Kennedy,,carlos_hernandez,algae,1,0_10,8,31.702231,-116.683246,Macrocystis_pyrifera,25,,
2018,2,5,Campo_Kennedy,,carlos_hernandez,algae,1,0_10,8,31.702231,-116.683246,Macrocystis_pyrifera_stipes,134,,
2018,2,5,Campo_Kennedy,,carlos_hernandez,algae,1,0_10,8,31.702231,-116.683246,Macrocystis_pyrifera,6,,Juvenil
2018,2,5,Campo_Kennedy,,carlos_hernandez,algae,1,0_10,8,31.702231,-116.683246,Sargassum_muticum,6,,
2018,2,5,Campo_Kennedy,,carlos_hernandez,algae,1,10_20,8,31.702231,-116.683246,Sargassum_muticum,70,20,juvenil
2018,2,5,Campo_Kennedy,,carlos_hernandez,algae,1,20_30,8,31.702231,-116.683246,Macrocystis_pyrifera,1,,
2018,2,5,Campo_Kennedy,,carlos_hernandez,algae,1,20_30,8,31.702231,-116.683246,Macrocystis_pyrifera_stipes,13,,
2018,2,5,Campo_Kennedy,,carlos_hernandez,algae,1,20_30,8,31.702231,-116.683246,Sargassum_muticum,35,5,juvenil
2018,2,5,Campo_Kennedy,,carlos_hernandez,algae,2,0_10,8,31.702231,-116.683246,Sargassum_muticum,45,,
2018,2,5,Campo_Kennedy,,carlos_hernandez,algae,2,10_20,8,31.702231,-116.683246,Macrocystis_pyrifera,10,,
2018,2,5,Campo_Kennedy,,carlos_hernandez,algae,2,10_20,8,31.702231,-116.683246,Macrocystis_pyrifera_stipes,75,,
2018,2,5,Campo_Kennedy,,carlos_hernandez,algae,2,10_20,8,31.702231,-116.683246,Macrocystis_pyrifera,2,,juvenil
2018,2,5,Campo_Kennedy,,carlos_hernandez,algae,2,10_20,8,31.702231,-116.683246,Sargassum_horneri,2,,
2018,2,5,Campo_Kennedy,,carlos_hernandez,algae,2,10_20,8,31.702231,-116.683246,Sargassum_muticum,25,3,juvenil
2018,2,5,Campo_Kennedy,,carlos_hernandez,algae,2,20_30,8,31.702231,-116.683246,Macrocystis_pyrifera,14,,
2018,2,5,Campo_Kennedy,,carlos_hernandez,algae,2,20_30,8,31.702231,-116.683246,Macrocystis_pyrifera_stipes,94,,
2018,2,5,Campo_Kennedy,,carlos_hernandez,algae,2,20_30,8,31.702231,-116.683246,Macrocystis_pyrifera,9,,
2018,2,5,Campo_Kennedy,,carlos_hernandez,algae,2,20_30,8,31.702231,-116.683246,Sargassum_muticum,40,4,juvenil
2018,2,5,Campo_Kennedy,,carlos_hernandez,algae,3,0_10,8,31.702231,-116.683246,Macrocystis_pyrifera,1,,
2018,2,5,Campo_Kennedy,,carlos_hernandez,algae,3,0_10,8,31.702231,-116.683246,Macrocystis_pyrifera_stipes,11,,
2018,2,5,Campo_Kennedy,,carlos_hernandez,algae,3,0_10,8,31.702231,-116.683246,Sargassum_horneri,3,,
2018,2,5,Campo_Kennedy,,carlos_hernandez,algae,3,0_10,8,31.702231,-116.683246,Sargassum_muticum,21,1,juvenil
2018,2,5,Campo_Kennedy,,carlos_hernandez,algae,3,10_20,8,31.702231,-116.683246,Sargassum_muticum,8,2,juvenil
2018,2,5,Campo_Kennedy,,Fernanda_Aldaco,inverts,1,NA,5,31.702231,-116.683246,Patiria_miniata,1,,
2018,2,5,Campo_Kennedy,,Fernanda_Aldaco,inverts,1,NA,5,31.702231,-116.683246,Megathura,2,,
2018,2,5,Campo_Kennedy,,Fernanda_Aldaco,inverts,1,NA,5,31.702231,-116.683246,Lithopoma_spp,21,,
2018,2,5,Campo_Kennedy,,Fernanda_Aldaco,inverts,1,NA,5,31.702231,-116.683246,Kelletia_kelletii,46,,
2018,2,5,Campo_Kennedy,,Fernanda_Aldaco,inverts,1,NA,5,31.702231,-116.683246,Mesosentrotus_franciscanus,2,8,
2018,2,5,Campo_Kennedy,,Fernanda_Aldaco,inverts,1,NA,5,31.702231,-116.683246,Strongylocentrotus_purpuratus,10,6,
2018,2,5,Campo_Kennedy,,Fernanda_Aldaco,inverts,1,NA,5,31.702231,-116.683246,Strongylocentrotus_purpuratus,33,2.5,
2018,2,5,Campo_Kennedy,,Fernanda_Aldaco,inverts,1,NA,5,31.702231,-116.683246,Cup_corals,53,,
2018,2,5,Campo_Kennedy,,Fernanda_Aldaco,inverts,1,NA,5,31.702231,-116.683246,Other_anemone,6,,
2018,2,5,Campo_Kennedy,,Fernanda_Aldaco,inverts,1,NA,5,31.702231,-116.683246,Norrisia_norrisi,14,,
2018,2,5,Campo_Kennedy,,Fernanda_Aldaco,inverts,1,NA,5,31.702231,-116.683246,Crassedoma_giganteum,1,,
2018,2,5,Campo_Kennedy,,Fernanda_Aldaco,inverts,2,NA,4,31.702231,-116.683246,Panulirus _interruptus,1,,
2018,2,5,Campo_Kennedy,,Fernanda_Aldaco,inverts,2,NA,4,31.702231,-116.683246,Megathura,2,,
2018,2,5,Campo_Kennedy,,Fernanda_Aldaco,inverts,2,NA,4,31.702231,-116.683246,Lithopoma_spp,40,,
2018,2,5,Campo_Kennedy,,Fernanda_Aldaco,inverts,2,NA,4,31.702231,-116.683246,Kelletia_kelletii,32,,
2018,2,5,Campo_Kennedy,,Fernanda_Aldaco,inverts,2,NA,4,31.702231,-116.683246,Mesosentrotus_franciscanus,1,8,
2018,2,5,Campo_Kennedy,,Fernanda_Aldaco,inverts,2,NA,4,31.702231,-116.683246,Strongylocentrotus_purpuratus,4,6,
2018,2,5,Campo_Kennedy,,Fernanda_Aldaco,inverts,2,NA,4,31.702231,-116.683246,Strongylocentrotus_purpuratus,68,2.5,
2018,2,5,Campo_Kennedy,,Fernanda_Aldaco,inverts,2,NA,4,31.702231,-116.683246,Cup_corals,37,,
2018,2,5,Campo_Kennedy,,Fernanda_Aldaco,inverts,2,NA,4,31.702231,-116.683246,Norrisia_norrisi,6,,
2018,2,5,Campo_Kennedy,,Fernanda_Aldaco,inverts,2,NA,4,31.702231,-116.683246,Crassedoma_giganteum,5,,
2018,2,5,Campo_Kennedy,,Fernanda_Aldaco,inverts,3,NA,8.4,31.702231,-116.683246,Parastichopus_parvimensis,1,,
2018,2,5,Campo_Kennedy,,Fernanda_Aldaco,inverts,3,NA,8.4,31.702231,-116.683246,Megathura,1,,
2018,2,5,Campo_Kennedy,,Fernanda_Aldaco,inverts,3,NA,8.4,31.702231,-116.683246,Lithopoma_spp,10,,
2018,2,5,Campo_Kennedy,,Fernanda_Aldaco,inverts,3,NA,8.4,31.702231,-116.683246,Kelletia_kelletii,6,,
2018,2,5,Campo_Kennedy,,Fernanda_Aldaco,inverts,3,NA,8.4,31.702231,-116.683246,Mesosentrotus_franciscanus,1,8,
2018,2,5,Campo_Kennedy,,Fernanda_Aldaco,inverts,3,NA,8.4,31.702231,-116.683246,Cup_corals,24,,
2018,2,5,Campo_Kennedy,,Fernanda_Aldaco,inverts,3,NA,8.4,31.702231,-116.683246,Norrisia_norrisi,2,,
2018,2,5,Campo_Kennedy,,Fernanda_Aldaco,inverts,3,NA,8.4,31.702231,-116.683246,Luidia_foliolata,1,,
2018,2,5,Campo_Kennedy,,Fernanda_Aldaco,inverts,3,NA,8.4,31.702231,-116.683246,Crassedoma_giganteum,2,,
2018,2,5,Campo_kennedy,,Eliot,fish,1,NA,4.4,31.702231,-116.683246,Muraena_helena,1,50,
2018,2,5,Campo_kennedy,,Eliot,fish,1,NA,4.4,31.702231,-116.683246,Semicossyphus_pulcher,5,22,
2018,2,5,Campo_kennedy,,Eliot,fish,1,NA,4.4,31.702231,-116.683246,Paralabrax_clathratus,2,21,
2018,2,5,Campo_kennedy,,Eliot,fish,1,NA,4.4,31.702231,-116.683246,Paralabrax_clathratus,2,11,
2018,2,5,Campo_kennedy,,Eliot,fish,1,NA,4.4,31.702231,-116.683246,Oxyjulius_californica,2,23,
2018,2,5,Campo_kennedy,,Eliot,fish,1,NA,4.4,31.702231,-116.683246,Oxyjulius_californica,2,11,
2018,2,5,Campo_kennedy,,Eliot,fish,1,NA,4.4,31.702231,-116.683246,Halichoeres_semicinctus,9,21,
2018,2,5,Campo_kennedy,,Eliot,fish,1,NA,4.4,31.702231,-116.683246,Halichoeres_semicinctus,1,23,
2018,2,5,Campo_kennedy,,Eliot,fish,1,NA,4.4,31.702231,-116.683246,Halichoeres_semicinctus,1,15,
2018,2,5,Campo_kennedy,,Eliot,fish,1,NA,4.4,31.702231,-116.683246,Embiotoca_jacksoni,1,29,
2018,2,5,Campo_kennedy,,Eliot,fish,1,NA,4.4,31.702231,-116.683246,Hypsypops_rubicundus,4,23,
2018,2,5,Campo_kennedy,,Eliot,fish,1,NA,4.4,31.702231,-116.683246,Hypsypops_rubicundus,1,30,
2018,2,5,Campo_kennedy,,Eliot,fish,1,NA,4.4,31.702231,-116.683246,Embiotoca_lateralis,1,12,
2018,2,5,Campo_kennedy,,Eliot,fish,1,NA,4.4,31.702231,-116.683246,Sebastes_atrovirens,1,35,
2018,2,5,Campo_kennedy,,Eliot,fish,2,NA,4.5,31.702231,-116.683246,Embiotoca_jacksoni,1,35,
2018,2,5,Campo_kennedy,,Eliot,fish,2,NA,4.5,31.702231,-116.683246,Semicossyphus_pulcher,1,30,
2018,2,5,Campo_kennedy,,Eliot,fish,2,NA,4.5,31.702231,-116.683246,Semicossyphus_pulcher,1,25,
2018,2,5,Campo_kennedy,,Eliot,fish,2,NA,4.5,31.702231,-116.683246,Paralabrax_clathratus,1,22,
2018,2,5,Campo_kennedy,,Eliot,fish,2,NA,4.5,31.702231,-116.683246,Oxyjulius_californica,3,13,
2018,2,5,Campo_kennedy,,Eliot,fish,2,NA,4.5,31.702231,-116.683246,Halichoeres_semicinctus,3,26,
2018,2,5,Campo_kennedy,,Eliot,fish,2,NA,4.5,31.702231,-116.683246,Anisotremus_davidsonni,5,17,
2018,2,5,Campo_kennedy,,Eliot,fish,2,NA,4.5,31.702231,-116.683246,Rhacochilus_vacca,10,33,
2018,2,5,Campo_kennedy,,Eliot,fish,2,NA,4.5,31.702231,-116.683246,Sebastes_atrovirens,1,20,
2018,2,5,Campo_kennedy,,Eliot,fish,2,NA,4.5,31.702231,-116.683246,Embiotoca_lateralis,3,16,
2018,2,5,Campo_kennedy,,Eliot,fish,2,NA,4.5,31.702231,-116.683246,Embiotoca_lateralis,1,20,
2018,2,5,Campo_kennedy,,Eliot,fish,3,NA,7.2,31.702231,-116.683246,Semicossyphus_pulcher,3,21,
2018,2,5,Campo_kennedy,,Eliot,fish,3,NA,7.2,31.702231,-116.683246,Oxyjulius_californica,13,17,
2018,2,5,Campo_kennedy,,Eliot,fish,3,NA,7.2,31.702231,-116.683246,Sebastes_atrovirens,1,25,
2018,2,5,Campo_kennedy,,Eliot,fish,3,NA,7.2,31.702231,-116.683246,Semicossyphus_pulcher,1,10,
2018,2,5,Campo_kennedy,,Eliot,fish,3,NA,7.2,31.702231,-116.683246,Semicossyphus_pulcher,1,20,
2018,2,5,Campo_kennedy,,Eliot,fish,3,NA,7.2,31.702231,-116.683246,Semicossyphus_pulcher,1,25,
2018,2,5,Campo_kennedy,,Eliot,fish,3,NA,7.2,31.702231,-116.683246,Paralabrax_clathratus,1,30,
2018,2,5,Campo_Kennedy,,andrea_paz,upc,1,NA,10,31.702231,-116.683246,Boulder_10_cm_1_m,10,,
2018,2,5,Campo_Kennedy,,andrea_paz,upc,1,NA,10,31.702231,-116.683246,Cobble_10_cm,10,,
2018,2,5,Campo_Kennedy,,andrea_paz,upc,1,NA,10,31.702231,-116.683246,Sand,10,,
2018,2,5,Campo_Kennedy,,andrea_paz,upc,1,NA,10,31.702231,-116.683246,0_10_cm,17,,
2018,2,5,Campo_Kennedy,,andrea_paz,upc,1,NA,10,31.702231,-116.683246,10_cm_1_m,13,,
2018,2,5,Campo_Kennedy,,andrea_paz,upc,1,NA,10,31.702231,-116.683246,Bare_rock,3,,
2018,2,5,Campo_Kennedy,,andrea_paz,upc,1,NA,10,31.702231,-116.683246,bare_sand,8,,
2018,2,5,Campo_Kennedy,,andrea_paz,upc,1,NA,10,31.702231,-116.683246,Leaf_blade_unbranched,1,,
2018,2,5,Campo_Kennedy,,andrea_paz,upc,1,NA,10,31.702231,-116.683246,Lacy_filamentous_dense ,7,,
2018,2,5,Campo_Kennedy,,andrea_paz,upc,1,NA,10,31.702231,-116.683246,Encrusting_red,2,,
2018,2,5,Campo_Kennedy,,andrea_paz,upc,1,NA,10,31.702231,-116.683246,Crustose_coralline_algae ,2,,
2018,2,5,Campo_Kennedy,,andrea_paz,upc,1,NA,10,31.702231,-116.683246,Dictyoneurum_californicum,7,,
2018,2,5,Campo_Kennedy,,andrea_paz,upc,2,NA,10,31.702231,-116.683246,Bedrock_1_m,7,,
2018,2,5,Campo_Kennedy,,andrea_paz,upc,2,NA,10,31.702231,-116.683246,Boulder_10_cm_1_m,16,,
2018,2,5,Campo_Kennedy,,andrea_paz,upc,2,NA,10,31.702231,-116.683246,Cobble_10_cm,7,,
2018,2,5,Campo_Kennedy,,andrea_paz,upc,2,NA,10,31.702231,-116.683246,0_10_cm,6,,
2018,2,5,Campo_Kennedy,,andrea_paz,upc,2,NA,10,31.702231,-116.683246,10_cm_1_m,20,,
2018,2,5,Campo_Kennedy,,andrea_paz,upc,2,NA,10,31.702231,-116.683246,1_m_2_m,4,,
2018,2,5,Campo_Kennedy,,andrea_paz,upc,2,NA,10,31.702231,-116.683246,Bare_rock,3,,
2018,2,5,Campo_Kennedy,,andrea_paz,upc,2,NA,10,31.702231,-116.683246,bare_sand,4,,
2018,2,5,Campo_Kennedy,,andrea_paz,upc,2,NA,10,31.702231,-116.683246,Sediment_mud,2,,
2018,2,5,Campo_Kennedy,,andrea_paz,upc,2,NA,10,31.702231,-116.683246,Lacy_filamentous_dense ,9,,
2018,2,5,Campo_Kennedy,,andrea_paz,upc,2,NA,10,31.702231,-116.683246,Encrusting_red,3,,
2018,2,5,Campo_Kennedy,,andrea_paz,upc,2,NA,10,31.702231,-116.683246,Dictyoneurum_californicum,4,,
2018,2,5,Campo_Kennedy,,andrea_paz,upc,2,NA,10,31.702231,-116.683246,Tubeworm_other_solitary,2,,
2018,2,5,Campo_Kennedy,,andrea_paz,upc,2,NA,10,31.702231,-116.683246,Sponge,2,,
2018,2,5,Campo_Kennedy,,dany_guzman,upc,3,NA,10,31.702231,-116.683246,Bedrock_1_m,6,,
2018,2,5,Campo_Kennedy,,dany_guzman,upc,3,NA,10,31.702231,-116.683246,Boulder_10_cm_1_m,7,,
2018,2,5,Campo_Kennedy,,dany_guzman,upc,3,NA,10,31.702231,-116.683246,Cobble_10_cm,14,,
2018,2,5,Campo_Kennedy,,dany_guzman,upc,3,NA,10,31.702231,-116.683246,Sand,3,,
2018,2,5,Campo_Kennedy,,dany_guzman,upc,3,NA,10,31.702231,-116.683246,0_10_cm,19,,
2018,2,5,Campo_Kennedy,,dany_guzman,upc,3,NA,10,31.702231,-116.683246,10_cm_1_m,10,,
2018,2,5,Campo_Kennedy,,dany_guzman,upc,3,NA,10,31.702231,-116.683246,1_m_2_m,1,,
2018,2,5,Campo_Kennedy,,dany_guzman,upc,3,NA,10,31.702231,-116.683246,Bare_rock,4,,
2018,2,5,Campo_Kennedy,,dany_guzman,upc,3,NA,10,31.702231,-116.683246,bare_sand,4,,
2018,2,5,Campo_Kennedy,,dany_guzman,upc,3,NA,10,31.702231,-116.683246,Sediment_mud,7,,
2018,2,5,Campo_Kennedy,,dany_guzman,upc,3,NA,10,31.702231,-116.683246,Dead_kelp_holdfast_any,1,,
2018,2,5,Campo_Kennedy,,dany_guzman,upc,3,NA,10,31.702231,-116.683246,Buschy_cylindrical_branches,6,,
2018,2,5,Campo_Kennedy,,dany_guzman,upc,3,NA,10,31.702231,-116.683246,Crustose_coralline_algae ,4,,
2018,2,5,Campo_Kennedy,,dany_guzman,upc,3,NA,10,31.702231,-116.683246,Articulated_coralline_algae ,2,,
2019,7,4,Campo_Kennedy,Deep,Alicia_abadia,algae,1,0_10,20,31.69932,-116.68018,Macrocystis_pyrifera,1,,
2019,7,4,Campo_Kennedy,Deep,Alicia_abadia,algae,1,0_10,20,31.69932,-116.68018,Laminaria,8,,
2019,7,4,Campo_Kennedy,Deep,Alicia_abadia,algae,1,0_10,20,31.69932,-116.68018,Eisenia_arborea,1,,
2019,7,4,Campo_Kennedy,Deep,Alicia_abadia,algae,1,0_10,20,31.69932,-116.68018,Sargassum_muticum,1,,
2019,7,4,Campo_Kennedy,Deep,Alicia_abadia,algae,1,0_10,20,31.69932,-116.68018,Dictyoneurum_californicum,17,,
2019,7,4,Campo_Kennedy,Deep,Alicia_abadia,algae,1,0_10,20,31.69932,-116.68018,Laminaria,4,,
2019,7,4,Campo_Kennedy,Deep,Alicia_abadia,algae,1,0_10,20,31.69932,-116.68018,Dictyoneurum_californicum,6,,
2019,7,4,Campo_Kennedy,Deep,Alicia_abadia,algae,1,10_20,20,31.69932,-116.68018,Laminaria,1,,
2019,7,4,Campo_Kennedy,Deep,Alicia_abadia,algae,1,10_20,20,31.69932,-116.68018,Dictyoneurum_californicum,4,,
2019,7,4,Campo_Kennedy,Deep,Alicia_abadia,algae,2,0_10,20,31.69932,-116.68018,Laminaria,6,,
2019,7,4,Campo_Kennedy,Deep,Alicia_abadia,algae,2,0_10,20,31.69932,-116.68018,Cystoseira_osmundasea,1,,
2019,7,4,Campo_Kennedy,Deep,Alicia_abadia,algae,2,0_10,20,31.69932,-116.68018,Sargassum_muticum,3,,
2019,7,4,Campo_Kennedy,Deep,Alicia_abadia,algae,2,0_10,20,31.69932,-116.68018,Sargassum_horneri,5,,
2019,7,4,Campo_Kennedy,Deep,Alicia_abadia,algae,2,0_10,20,31.69932,-116.68018,Undaria_pinnatifida,1,,
2019,7,4,Campo_Kennedy,Deep,Alicia_abadia,algae,2,0_10,20,31.69932,-116.68018,Dictyoneurum_californicum,4,,
2019,7,4,Campo_Kennedy,Deep,Alicia_abadia,algae,2,0_10,20,31.69932,-116.68018,Sargassum_muticum,1,,
2019,7,4,Campo_Kennedy,Deep,Alicia_abadia,algae,2,0_10,20,31.69932,-116.68018,Sargassum_horneri,8,,
2019,7,4,Campo_Kennedy,Deep,Alicia_abadia,algae,2,0_10,20,31.69932,-116.68018,Laminaria,1,,
2019,7,4,Campo_Kennedy,Deep,Alicia_abadia,algae,2,0_10,20,31.69932,-116.68018,Dictyoneurum_californicum,3,,
2019,7,4,Campo_Kennedy,Deep,Alicia_abadia,algae,2,10_20,20,31.69932,-116.68018,Cystoseira_osmundasea,6,,
2019,7,4,Campo_Kennedy,Deep,Alicia_abadia,algae,2,10_20,20,31.69932,-116.68018,Sargassum_muticum,1,,
2019,7,4,Campo_Kennedy,Deep,Alicia_abadia,algae,2,10_20,20,31.69932,-116.68018,Dictyoneurum_californicum,1,,
2019,7,4,Campo_Kennedy,Mid,Alicia_abadia,algae,1,0_10,12,31.701051,-116.68184,Cystoseira_osmundasea,7,,
2019,7,4,Campo_Kennedy,Mid,Alicia_abadia,algae,1,0_10,12,31.701051,-116.68184,Dictyoneurum_californicum,13,,
2019,7,4,Campo_Kennedy,Mid,Alicia_abadia,algae,1,0_10,12,31.701051,-116.68184,Cystoseira_osmundasea,21,,
2019,7,4,Campo_Kennedy,Mid,Alicia_abadia,algae,1,0_10,12,31.701051,-116.68184,Dictyoneurum_californicum,30,,
2019,7,4,Campo_Kennedy,Mid,Alicia_abadia,algae,1,10_20,12,31.701051,-116.68184,Cystoseira_osmundasea,12,,
2019,7,4,Campo_Kennedy,Mid,Alicia_abadia,algae,1,10_20,12,31.701051,-116.68184,Dictyoneurum_californicum,10,,
2019,7,4,Campo_Kennedy,Mid,Alicia_abadia,algae,2,0_10,12,31.701051,-116.68184,Macrocystis_pyrifera,1,,
2019,7,4,Campo_Kennedy,Mid,Alicia_abadia,algae,2,0_10,12,31.701051,-116.68184,Cystoseira_osmundasea,14,,
2019,7,4,Campo_Kennedy,Mid,Alicia_abadia,algae,2,0_10,12,31.701051,-116.68184,Dictyoneurum_californicum,28,,
2019,7,4,Campo_Kennedy,Mid,Alicia_abadia,algae,2,0_10,12,31.701051,-116.68184,Cystoseira_osmundasea,24,,
2019,7,4,Campo_Kennedy,Mid,Alicia_abadia,algae,2,0_10,12,31.701051,-116.68184,Dictyoneurum_californicum,20,,
2019,7,4,Campo_Kennedy,Mid,Alicia_abadia,algae,2,10_20,12,31.701051,-116.68184,Cystoseira_osmundasea,25,,
2019,7,4,Campo_Kennedy,Mid,Alicia_abadia,algae,2,10_20,12,31.701051,-116.68184,Dictyoneurum_californicum,20,,
2019,7,4,Campo_Kennedy,Shallow,Alicia_abadia,algae,1,0_10,8,31.702231,-116.683246,Cystoseira_osmundasea,11,,
2019,7,4,Campo_Kennedy,Shallow,Alicia_abadia,algae,1,0_10,8,31.702231,-116.683246,Sargassum_muticum,24,,
2019,7,4,Campo_Kennedy,Shallow,Alicia_abadia,algae,1,0_10,8,31.702231,-116.683246,Dictyoneurum_californicum,30,,
2019,7,4,Campo_Kennedy,Shallow,Alicia_abadia,algae,1,0_10,8,31.702231,-116.683246,Cystoseira_osmundasea,35,,
2019,7,4,Campo_Kennedy,Shallow,Alicia_abadia,algae,1,0_10,8,31.702231,-116.683246,Sargassum_muticum,16,,
2019,7,4,Campo_Kennedy,Shallow,Alicia_abadia,algae,1,0_10,8,31.702231,-116.683246,Dictyoneurum_californicum,12,,
2019,7,4,Campo_Kennedy,Shallow,Alicia_abadia,algae,1,10_20,8,31.702231,-116.683246,Cystoseira_osmundasea,6,,
2019,7,4,Campo_Kennedy,Shallow,Alicia_abadia,algae,1,10_20,8,31.702231,-116.683246,Sargassum_muticum,12,,
2019,7,4,Campo_Kennedy,Shallow,Alicia_abadia,algae,1,10_20,8,31.702231,-116.683246,Dictyoneurum_californicum,17,,
2019,7,4,Campo_Kennedy,Shallow,Alicia_abadia,algae,2,0_10,8,31.702231,-116.683246,Cystoseira_osmundasea,13,,
2019,7,4,Campo_Kennedy,Shallow,Alicia_abadia,algae,2,0_10,8,31.702231,-116.683246,Sargassum_muticum,8,,
2019,7,4,Campo_Kennedy,Shallow,Alicia_abadia,algae,2,0_10,8,31.702231,-116.683246,Dictyoneurum_californicum,22,,
2019,7,4,Campo_Kennedy,Shallow,Alicia_abadia,algae,2,0_10,8,31.702231,-116.683246,Cystoseira_osmundasea,4,,
2019,7,4,Campo_Kennedy,Shallow,Alicia_abadia,algae,2,0_10,8,31.702231,-116.683246,Dictyoneurum_californicum,4,,
2019,7,4,campo_kennedy,Deep,Daniel Diaz,upc,1,NA,20,31.69932,-116.68018,Boulder_10_cm_1_m,18,,
2019,7,4,campo_kennedy,Deep,Daniel Diaz,upc,1,NA,20,31.69932,-116.68018,Cobble_10cm,12,,
2019,7,4,campo_kennedy,Deep,Daniel Diaz,upc,1,NA,20,31.69932,-116.68018,0_10 cm,20,,
2019,7,4,campo_kennedy,Deep,Daniel Diaz,upc,1,NA,20,31.69932,-116.68018,10 cm_1 m,10,,
2019,7,4,campo_kennedy,Deep,Daniel Diaz,upc,1,NA,20,31.69932,-116.68018,Bare_sand,14,,
2019,7,4,campo_kennedy,Deep,Daniel Diaz,upc,1,NA,20,31.69932,-116.68018,Crustose_coralline_algae ,9,,
2019,7,4,campo_kennedy,Deep,Daniel Diaz,upc,1,NA,20,31.69932,-116.68018,Articulated_coralline_algae ,4,,
2019,7,4,campo_kennedy,Deep,Daniel Diaz,upc,1,NA,20,31.69932,-116.68018,Tubeworm_other_solitary,2,,
2019,7,4,campo_kennedy,Deep,Daniel Diaz,upc,1,NA,20,31.69932,-116.68018,Colonial_tunicate ,1,,
2019,7,4,campo_kennedy,Deep,Daniel Diaz,upc,2,NA,20,31.69932,-116.68018,Bedrock_1_m,17,,
2019,7,4,campo_kennedy,Deep,Daniel Diaz,upc,2,NA,20,31.69932,-116.68018,Boulder_10_cm_1_m,2,,
2019,7,4,campo_kennedy,Deep,Daniel Diaz,upc,2,NA,20,31.69932,-116.68018,Cobble_10cm,4,,
2019,7,4,campo_kennedy,Deep,Daniel Diaz,upc,2,NA,20,31.69932,-116.68018,Sand,7,,
2019,7,4,campo_kennedy,Deep,Daniel Diaz,upc,2,NA,20,31.69932,-116.68018,0_10 cm,5,,
2019,7,4,campo_kennedy,Deep,Daniel Diaz,upc,2,NA,20,31.69932,-116.68018,10 cm_1 m,18,,
2019,7,4,campo_kennedy,Deep,Daniel Diaz,upc,2,NA,20,31.69932,-116.68018,1 m_2 m,7,,
2019,7,4,campo_kennedy,Deep,Daniel Diaz,upc,2,NA,20,31.69932,-116.68018,Bare_sand,10,,
2019,7,4,campo_kennedy,Deep,Daniel Diaz,upc,2,NA,20,31.69932,-116.68018,Crustose_coralline_algae ,17,,
2019,7,4,campo_kennedy,Deep,Daniel Diaz,upc,2,NA,20,31.69932,-116.68018,Corynactis_californica  ,3,,
2019,7,4,campo_kennedy,Mid,Daniel Diaz,upc,1,NA,9,31.701051,-116.68184,Bedrock_1_m,3,,
2019,7,4,campo_kennedy,Mid,Daniel Diaz,upc,1,NA,9,31.701051,-116.68184,Boulder_10_cm_1_m,8,,
2019,7,4,campo_kennedy,Mid,Daniel Diaz,upc,1,NA,9,31.701051,-116.68184,Cobble_10cm,16,,
2019,7,4,campo_kennedy,Mid,Daniel Diaz,upc,1,NA,9,31.701051,-116.68184,Sand,3,,
2019,7,4,campo_kennedy,Mid,Daniel Diaz,upc,1,NA,9,31.701051,-116.68184,0_10 cm,16,,
2019,7,4,campo_kennedy,Mid,Daniel Diaz,upc,1,NA,9,31.701051,-116.68184,10 cm_1 m,14,,
2019,7,4,campo_kennedy,Mid,Daniel Diaz,upc,1,NA,9,31.701051,-116.68184,Bare_rock,4,,
2019,7,4,campo_kennedy,Mid,Daniel Diaz,upc,1,NA,9,31.701051,-116.68184,Bare_sand,6,,
2019,7,4,campo_kennedy,Mid,Daniel Diaz,upc,1,NA,9,31.701051,-116.68184,Shell_debris,4,,
2019,7,4,campo_kennedy,Mid,Daniel Diaz,upc,1,NA,9,31.701051,-116.68184,Sediment_mud,1,,
2019,7,4,campo_kennedy,Mid,Daniel Diaz,upc,1,NA,9,31.701051,-116.68184,Dead_kelp_holdfast_any,1,,
2019,7,4,campo_kennedy,Mid,Daniel Diaz,upc,1,NA,9,31.701051,-116.68184,Crustose_coralline_algae ,4,,
2019,7,4,campo_kennedy,Mid,Daniel Diaz,upc,1,NA,9,31.701051,-116.68184,Articulated_coralline_algae ,9,,
2019,7,4,campo_kennedy,Mid,Daniel Diaz,upc,1,NA,9,31.701051,-116.68184,Cup_corals,1,,
2019,7,4,campo_kennedy,Mid,Daniel Diaz,upc,2,NA,9,31.701051,-116.68184,Bedrock_1_m,2,,
2019,7,4,campo_kennedy,Mid,Daniel Diaz,upc,2,NA,9,31.701051,-116.68184,Boulder_10_cm_1_m,12,,
2019,7,4,campo_kennedy,Mid,Daniel Diaz,upc,2,NA,9,31.701051,-116.68184,Cobble_10cm,14,,
2019,7,4,campo_kennedy,Mid,Daniel Diaz,upc,2,NA,9,31.701051,-116.68184,Sand,2,,
2019,7,4,campo_kennedy,Mid,Daniel Diaz,upc,2,NA,9,31.701051,-116.68184,0_10 cm,11,,
2019,7,4,campo_kennedy,Mid,Daniel Diaz,upc,2,NA,9,31.701051,-116.68184,10 cm_1 m,16,,
2019,7,4,campo_kennedy,Mid,Daniel Diaz,upc,2,NA,9,31.701051,-116.68184,1 m_2 m,3,,
2019,7,4,campo_kennedy,Mid,Daniel Diaz,upc,2,NA,9,31.701051,-116.68184,Bare_sand,6,,
2019,7,4,campo_kennedy,Mid,Daniel Diaz,upc,2,NA,9,31.701051,-116.68184,Shell_debris,3,,
2019,7,4,campo_kennedy,Mid,Daniel Diaz,upc,2,NA,9,31.701051,-116.68184,Crustose_coralline_algae ,12,,
2019,7,4,campo_kennedy,Mid,Daniel Diaz,upc,2,NA,9,31.701051,-116.68184,Articulated_coralline_algae ,6,,
2019,7,4,campo_kennedy,Mid,Daniel Diaz,upc,2,NA,9,31.701051,-116.68184,Dictyoneurum_californicum,3,,
2019,7,4,campo_kennedy,Shallow,Daniel Diaz,upc,1,NA,5,31.70202,-116.68343,Bedrock_1_m,14,,
2019,7,4,campo_kennedy,Shallow,Daniel Diaz,upc,1,NA,5,31.70202,-116.68343,Boulder_10_cm_1_m,7,,
2019,7,4,campo_kennedy,Shallow,Daniel Diaz,upc,1,NA,5,31.70202,-116.68343,Cobble_10cm,4,,
2019,7,4,campo_kennedy,Shallow,Daniel Diaz,upc,1,NA,5,31.70202,-116.68343,Sand,5,,
2019,7,4,campo_kennedy,Shallow,Daniel Diaz,upc,1,NA,5,31.70202,-116.68343,0_10 cm,1,,
2019,7,4,campo_kennedy,Shallow,Daniel Diaz,upc,1,NA,5,31.70202,-116.68343,10 cm_1 m,27,,
2019,7,4,campo_kennedy,Shallow,Daniel Diaz,upc,1,NA,5,31.70202,-116.68343,2 m,2,,
2019,7,4,campo_kennedy,Shallow,Daniel Diaz,upc,1,NA,5,31.70202,-116.68343,Bare_sand,4,,
2019,7,4,campo_kennedy,Shallow,Daniel Diaz,upc,1,NA,5,31.70202,-116.68343,Shell_debris,2,,
2019,7,4,campo_kennedy,Shallow,Daniel Diaz,upc,1,NA,5,31.70202,-116.68343,Sediment_mud,1,,
2019,7,4,campo_kennedy,Shallow,Daniel Diaz,upc,1,NA,5,31.70202,-116.68343,Dead_kelp_holdfast_any,2,,
2019,7,4,campo_kennedy,Shallow,Daniel Diaz,upc,1,NA,5,31.70202,-116.68343,Crustose_coralline_algae ,4,,
2019,7,4,campo_kennedy,Shallow,Daniel Diaz,upc,1,NA,5,31.70202,-116.68343,Articulated_coralline_algae ,11,,
2019,7,4,campo_kennedy,Shallow,Daniel Diaz,upc,1,NA,5,31.70202,-116.68343,Dictyoneurum_californicum,3,,
2019,7,4,campo_kennedy,Shallow,Daniel Diaz,upc,1,NA,5,31.70202,-116.68343,Dictyotales_spp,1,,
2019,7,4,campo_kennedy,Shallow,Daniel Diaz,upc,2,NA,5,31.70202,-116.68343,Bedrock_1_m,10,,
2019,7,4,campo_kennedy,Shallow,Daniel Diaz,upc,2,NA,5,31.70202,-116.68343,Boulder_10_cm_1_m,2,,
2019,7,4,campo_kennedy,Shallow,Daniel Diaz,upc,2,NA,5,31.70202,-116.68343,Cobble_10cm,9,,
2019,7,4,campo_kennedy,Shallow,Daniel Diaz,upc,2,NA,5,31.70202,-116.68343,Sand,9,,
2019,7,4,campo_kennedy,Shallow,Daniel Diaz,upc,2,NA,5,31.70202,-116.68343,0_10 cm,1,,
2019,7,4,campo_kennedy,Shallow,Daniel Diaz,upc,2,NA,5,31.70202,-116.68343,10 cm_1 m,27,,
2019,7,4,campo_kennedy,Shallow,Daniel Diaz,upc,2,NA,5,31.70202,-116.68343,1 m_2 m,2,,
2019,7,4,campo_kennedy,Shallow,Daniel Diaz,upc,2,NA,5,31.70202,-116.68343,Bare_rock,4,,
2019,7,4,campo_kennedy,Shallow,Daniel Diaz,upc,2,NA,5,31.70202,-116.68343,Bare_sand,9,,
2019,7,4,campo_kennedy,Shallow,Daniel Diaz,upc,2,NA,5,31.70202,-116.68343,Crustose_coralline_algae ,13,,
2019,7,4,campo_kennedy,Shallow,Daniel Diaz,upc,2,NA,5,31.70202,-116.68343,Articulated_coralline_algae ,4,,
2019,7,4,Campo_Kennedy,Deep,Jeremie Bauer,inverts,1,0_10,20,31.69932,-116.68018,Megathura,1,5,
2019,7,4,Campo_Kennedy,Deep,Jeremie Bauer,inverts,1,0_10,20,31.69932,-116.68018,Megathura,1,4,
2019,7,4,Campo_Kennedy,Deep,Jeremie Bauer,inverts,1,0_10,20,31.69932,-116.68018,Lithopoma_spp,3,4,
2019,7,4,Campo_Kennedy,Deep,Jeremie Bauer,inverts,1,0_10,20,31.69932,-116.68018,Lithopoma_spp,3,5,
2019,7,4,Campo_Kennedy,Deep,Jeremie Bauer,inverts,1,0_10,20,31.69932,-116.68018,Lithopoma_spp,1,2,
2019,7,4,Campo_Kennedy,Deep,Jeremie Bauer,inverts,1,0_10,20,31.69932,-116.68018,Lithopoma_spp,1,3,
2019,7,4,Campo_Kennedy,Deep,Jeremie Bauer,inverts,1,0_10,20,31.69932,-116.68018,Lithopoma_spp,2,7,
2019,7,4,Campo_Kennedy,Deep,Jeremie Bauer,inverts,1,0_10,20,31.69932,-116.68018,Lithopoma_spp,3,6,
2019,7,4,Campo_Kennedy,Deep,Jeremie Bauer,inverts,1,0_10,20,31.69932,-116.68018,Kelletia_kelletii,2,4,
2019,7,4,Campo_Kennedy,Deep,Jeremie Bauer,inverts,1,0_10,20,31.69932,-116.68018,Kelletia_kelletii,1,5,
2019,7,4,Campo_Kennedy,Deep,Jeremie Bauer,inverts,1,0_10,20,31.69932,-116.68018,Patiria_miniata,2,,
2019,7,4,Campo_Kennedy,Deep,Jeremie Bauer,inverts,1,0_10,20,31.69932,-116.68018,Megathura,3,7,
2019,7,4,Campo_Kennedy,Deep,Jeremie Bauer,inverts,1,0_10,20,31.69932,-116.68018,Lithopoma_spp,3,4,
2019,7,4,Campo_Kennedy,Deep,Jeremie Bauer,inverts,1,0_10,20,31.69932,-116.68018,Lithopoma_spp,1,5,
2019,7,4,Campo_Kennedy,Deep,Jeremie Bauer,inverts,1,0_10,20,31.69932,-116.68018,Lithopoma_spp,2,6,
2019,7,4,Campo_Kennedy,Deep,Jeremie Bauer,inverts,1,0_10,20,31.69932,-116.68018,Lithopoma_spp,2,3,
2019,7,4,Campo_Kennedy,Deep,Jeremie Bauer,inverts,1,0_10,20,31.69932,-116.68018,Lithopoma_spp,2,2,
2019,7,4,Campo_Kennedy,Deep,Jeremie Bauer,inverts,1,0_10,20,31.69932,-116.68018,Lithopoma_spp,10,,
2019,7,4,Campo_Kennedy,Deep,Jeremie Bauer,inverts,1,0_10,20,31.69932,-116.68018,Anthopleura_sola,13,,
2019,7,4,Campo_Kennedy,Deep,Jeremie Bauer,inverts,1,10_20,20,31.69932,-116.68018,Patiria_miniata,3,,
2019,7,4,Campo_Kennedy,Deep,Jeremie Bauer,inverts,1,10_20,20,31.69932,-116.68018,Lithopoma_spp,30,,
2019,7,4,Campo_Kennedy,Deep,Jeremie Bauer,inverts,1,10_20,20,31.69932,-116.68018,Anthopleura_sola,4,,
2019,7,4,Campo_Kennedy,Deep,Jeremie Bauer,inverts,2,0_10,20,31.69932,-116.68018,Patiria_miniata,1,,
2019,7,4,Campo_Kennedy,Deep,Jeremie Bauer,inverts,2,0_10,20,31.69932,-116.68018,Lithopoma_spp,5,3,
2019,7,4,Campo_Kennedy,Deep,Jeremie Bauer,inverts,2,0_10,20,31.69932,-116.68018,Lithopoma_spp,3,4,
2019,7,4,Campo_Kennedy,Deep,Jeremie Bauer,inverts,2,0_10,20,31.69932,-116.68018,Lithopoma_spp,5,2,
2019,7,4,Campo_Kennedy,Deep,Jeremie Bauer,inverts,2,0_10,20,31.69932,-116.68018,Lithopoma_spp,4,5,
2019,7,4,Campo_Kennedy,Deep,Jeremie Bauer,inverts,2,0_10,20,31.69932,-116.68018,Lithopoma_spp,1,6,
2019,7,4,Campo_Kennedy,Deep,Jeremie Bauer,inverts,2,0_10,20,31.69932,-116.68018,Strongylocentrotus_purpuratus,1,5,
2019,7,4,Campo_Kennedy,Deep,Jeremie Bauer,inverts,2,0_10,20,31.69932,-116.68018,Kelletia_kelletii,1,5,
2019,7,4,Campo_Kennedy,Deep,Jeremie Bauer,inverts,2,0_10,20,31.69932,-116.68018,Anthopleura_sola,1,,
2019,7,4,Campo_Kennedy,Deep,Jeremie Bauer,inverts,2,0_10,20,31.69932,-116.68018,Patiria_miniata,4,,
2019,7,4,Campo_Kennedy,Deep,Jeremie Bauer,inverts,2,0_10,20,31.69932,-116.68018,Henricia,1,,
2019,7,4,Campo_Kennedy,Deep,Jeremie Bauer,inverts,2,0_10,20,31.69932,-116.68018,Megathura,16,,
2019,7,4,Campo_Kennedy,Deep,Jeremie Bauer,inverts,2,0_10,20,31.69932,-116.68018,Lithopoma_spp,16,,
2019,7,4,Campo_Kennedy,Deep,Jeremie Bauer,inverts,2,0_10,20,31.69932,-116.68018,Strongylocentrotus_purpuratus,1,5,
2019,7,4,Campo_Kennedy,Deep,Jeremie Bauer,inverts,2,0_10,20,31.69932,-116.68018,Strongylocentrotus_purpuratus,1,4,
2019,7,4,Campo_Kennedy,Deep,Jeremie Bauer,inverts,2,0_10,20,31.69932,-116.68018,Centrostephanus_coronatus,1,5,
2019,7,4,Campo_Kennedy,Deep,Jeremie Bauer,inverts,2,0_10,20,31.69932,-116.68018,Tethya_aurantia,3,,
2019,7,4,Campo_Kennedy,Deep,Jeremie Bauer,inverts,2,0_10,20,31.69932,-116.68018,Anthopleura_sola,4,,
2019,7,4,Campo_Kennedy,Deep,Jeremie Bauer,inverts,2,10_20,20,31.69932,-116.68018,Patiria_miniata,3,,
2019,7,4,Campo_Kennedy,Deep,Jeremie Bauer,inverts,2,10_20,20,31.69932,-116.68018,Lithopoma_spp,12,,
2019,7,4,Campo_Kennedy,Deep,Jeremie Bauer,inverts,2,10_20,20,31.69932,-116.68018,Mesosentrotus_franciscanus,1,7,
2019,7,4,Campo_Kennedy,Deep,Jeremie Bauer,inverts,2,10_20,20,31.69932,-116.68018,Anthopleura_sola,3,,
2019,7,4,Campo_Kennedy,Mid,Jeremie Bauer,inverts,1,0_10,12,31.701051,-116.68184,Lithopoma_spp,4,4,
2019,7,4,Campo_Kennedy,Mid,Jeremie Bauer,inverts,1,0_10,12,31.701051,-116.68184,Lithopoma_spp,2,5,
2019,7,4,Campo_Kennedy,Mid,Jeremie Bauer,inverts,1,0_10,12,31.701051,-116.68184,Lithopoma_spp,7,2,
2019,7,4,Campo_Kennedy,Mid,Jeremie Bauer,inverts,1,0_10,12,31.701051,-116.68184,Lithopoma_spp,6,3,
2019,7,4,Campo_Kennedy,Mid,Jeremie Bauer,inverts,1,0_10,12,31.701051,-116.68184,Kelletia_kelletii,1,5,
2019,7,4,Campo_Kennedy,Mid,Jeremie Bauer,inverts,1,0_10,12,31.701051,-116.68184,Kelletia_kelletii,1,4,
2019,7,4,Campo_Kennedy,Mid,Jeremie Bauer,inverts,1,0_10,12,31.701051,-116.68184,Anthopleura_sola,2,,
2019,7,4,Campo_Kennedy,Mid,Jeremie Bauer,inverts,1,0_10,12,31.701051,-116.68184,Patiria_miniata,1,,
2019,7,4,Campo_Kennedy,Mid,Jeremie Bauer,inverts,1,0_10,12,31.701051,-116.68184,Megathura,1,10,
2019,7,4,Campo_Kennedy,Mid,Jeremie Bauer,inverts,1,0_10,12,31.701051,-116.68184,Lithopoma_spp,2,4,
2019,7,4,Campo_Kennedy,Mid,Jeremie Bauer,inverts,1,0_10,12,31.701051,-116.68184,Lithopoma_spp,3,3,
2019,7,4,Campo_Kennedy,Mid,Jeremie Bauer,inverts,1,0_10,12,31.701051,-116.68184,Lithopoma_spp,1,5,
2019,7,4,Campo_Kennedy,Mid,Jeremie Bauer,inverts,1,0_10,12,31.701051,-116.68184,Lithopoma_spp,1,2,
2019,7,4,Campo_Kennedy,Mid,Jeremie Bauer,inverts,1,0_10,12,31.701051,-116.68184,Lithopoma_spp,3,,
2019,7,4,Campo_Kennedy,Mid,Jeremie Bauer,inverts,1,0_10,12,31.701051,-116.68184,Kelletia_kelletii,1,5,
2019,7,4,Campo_Kennedy,Mid,Jeremie Bauer,inverts,1,0_10,12,31.701051,-116.68184,Anthopleura_sola,5,,
2019,7,4,Campo_Kennedy,Mid,Jeremie Bauer,inverts,1,10_20,12,31.701051,-116.68184,Patiria_miniata,2,,
2019,7,4,Campo_Kennedy,Mid,Jeremie Bauer,inverts,1,10_20,12,31.701051,-116.68184,Lithopoma_spp,41,,
2019,7,4,Campo_Kennedy,Mid,Jeremie Bauer,inverts,1,10_20,12,31.701051,-116.68184,Kelletia_kelletii,1,4,
2019,7,4,Campo_Kennedy,Mid,Jeremie Bauer,inverts,1,10_20,12,31.701051,-116.68184,Kelletia_kelletii,1,3,
2019,7,4,Campo_Kennedy,Mid,Jeremie Bauer,inverts,1,10_20,12,31.701051,-116.68184,Kelletia_kelletii,1,8,
2019,7,4,Campo_Kennedy,Mid,Jeremie Bauer,inverts,1,10_20,12,31.701051,-116.68184,Kelletia_kelletii,1,5,
2019,7,4,Campo_Kennedy,Mid,Jeremie Bauer,inverts,1,10_20,12,31.701051,-116.68184,Mesosentrotus_franciscanus,1,10,
2019,7,4,Campo_Kennedy,Mid,Jeremie Bauer,inverts,1,10_20,12,31.701051,-116.68184,Tethya_aurantia,2,,
2019,7,4,Campo_Kennedy,Mid,Jeremie Bauer,inverts,1,10_20,12,31.701051,-116.68184,Anthopleura_sola,2,,
2019,7,4,Campo_Kennedy,Mid,Jeremie Bauer,inverts,2,0_10,12,31.701051,-116.68184,Patiria_miniata,5,,
2019,7,4,Campo_Kennedy,Mid,Jeremie Bauer,inverts,2,0_10,12,31.701051,-116.68184,Megathura,2,3,
2019,7,4,Campo_Kennedy,Mid,Jeremie Bauer,inverts,2,0_10,12,31.701051,-116.68184,Megathura,1,9,
2019,7,4,Campo_Kennedy,Mid,Jeremie Bauer,inverts,2,0_10,12,31.701051,-116.68184,Megathura,1,4,
2019,7,4,Campo_Kennedy,Mid,Jeremie Bauer,inverts,2,0_10,12,31.701051,-116.68184,Megathura,3,,
2019,7,4,Campo_Kennedy,Mid,Jeremie Bauer,inverts,2,0_10,12,31.701051,-116.68184,Lithopoma_spp,7,4,
2019,7,4,Campo_Kennedy,Mid,Jeremie Bauer,inverts,2,0_10,12,31.701051,-116.68184,Lithopoma_spp,7,3,
2019,7,4,Campo_Kennedy,Mid,Jeremie Bauer,inverts,2,0_10,12,31.701051,-116.68184,Lithopoma_spp,1,7,
2019,7,4,Campo_Kennedy,Mid,Jeremie Bauer,inverts,2,0_10,12,31.701051,-116.68184,Lithopoma_spp,3,5,
2019,7,4,Campo_Kennedy,Mid,Jeremie Bauer,inverts,2,0_10,12,31.701051,-116.68184,Kelletia_kelletii,1,4,
2019,7,4,Campo_Kennedy,Mid,Jeremie Bauer,inverts,2,0_10,12,31.701051,-116.68184,Kelletia_kelletii,1,5,
2019,7,4,Campo_Kennedy,Mid,Jeremie Bauer,inverts,2,0_10,12,31.701051,-116.68184,Strongylocentrotus_purpuratus,1,2,
2019,7,4,Campo_Kennedy,Mid,Jeremie Bauer,inverts,2,0_10,12,31.701051,-116.68184,Strongylocentrotus_purpuratus,2,3,
2019,7,4,Campo_Kennedy,Mid,Jeremie Bauer,inverts,2,0_10,12,31.701051,-116.68184,Tethya_aurantia,1,,
2019,7,4,Campo_Kennedy,Mid,Jeremie Bauer,inverts,2,0_10,12,31.701051,-116.68184,Anthopleura_sola,2,,
2019,7,4,Campo_Kennedy,Mid,Jeremie Bauer,inverts,2,0_10,12,31.701051,-116.68184,Muricea_californica,1,,
2019,7,4,Campo_Kennedy,Mid,Jeremie Bauer,inverts,2,0_10,12,31.701051,-116.68184,Patiria_miniata,2,,
2019,7,4,Campo_Kennedy,Mid,Jeremie Bauer,inverts,2,0_10,12,31.701051,-116.68184,Lithopoma_spp,44,,
2019,7,4,Campo_Kennedy,Mid,Jeremie Bauer,inverts,2,0_10,12,31.701051,-116.68184,Kelletia_kelletii,2,3,
2019,7,4,Campo_Kennedy,Mid,Jeremie Bauer,inverts,2,0_10,12,31.701051,-116.68184,Kelletia_kelletii,1,4,
2019,7,4,Campo_Kennedy,Mid,Jeremie Bauer,inverts,2,0_10,12,31.701051,-116.68184,Kelletia_kelletii,1,7,
2019,7,4,Campo_Kennedy,Mid,Jeremie Bauer,inverts,2,0_10,12,31.701051,-116.68184,Anthopleura_sola,1,,
2019,7,4,Campo_Kennedy,Mid,Jeremie Bauer,inverts,2,0_10,12,31.701051,-116.68184,Muricea_californica,1,,
2019,7,4,Campo_Kennedy,Mid,Jeremie Bauer,inverts,2,10_20,12,31.701051,-116.68184,Lithopoma_spp,27,,
2019,7,4,Campo_Kennedy,Mid,Jeremie Bauer,inverts,2,10_20,12,31.701051,-116.68184,Kelletia_kelletii,1,3,
2019,7,4,Campo_Kennedy,Mid,Jeremie Bauer,inverts,2,10_20,12,31.701051,-116.68184,Anthopleura_sola,2,,
2019,7,4,Campo_Kennedy,Mid,Jeremie Bauer,inverts,2,10_20,12,31.701051,-116.68184,Muricea_californica,3,,
2019,7,4,Campo_Kennedy,Shallow,Jeremie Bauer,inverts,1,0_10,8,31.702231,-116.683246,Patiria_miniata,1,,
2019,7,4,Campo_Kennedy,Shallow,Jeremie Bauer,inverts,1,0_10,8,31.702231,-116.683246,Megathura,1,4,
2019,7,4,Campo_Kennedy,Shallow,Jeremie Bauer,inverts,1,0_10,8,31.702231,-116.683246,Megathura,1,8,
2019,7,4,Campo_Kennedy,Shallow,Jeremie Bauer,inverts,1,0_10,8,31.702231,-116.683246,Megathura,1,3,
2019,7,4,Campo_Kennedy,Shallow,Jeremie Bauer,inverts,1,0_10,8,31.702231,-116.683246,Megathura,1,7,
2019,7,4,Campo_Kennedy,Shallow,Jeremie Bauer,inverts,1,0_10,8,31.702231,-116.683246,Megathura,4,,
2019,7,4,Campo_Kennedy,Shallow,Jeremie Bauer,inverts,1,0_10,8,31.702231,-116.683246,Lithopoma_spp,3,3,
2019,7,4,Campo_Kennedy,Shallow,Jeremie Bauer,inverts,1,0_10,8,31.702231,-116.683246,Lithopoma_spp,1,7,
2019,7,4,Campo_Kennedy,Shallow,Jeremie Bauer,inverts,1,0_10,8,31.702231,-116.683246,Lithopoma_spp,1,4,
2019,7,4,Campo_Kennedy,Shallow,Jeremie Bauer,inverts,1,0_10,8,31.702231,-116.683246,Lithopoma_spp,2,6,
2019,7,4,Campo_Kennedy,Shallow,Jeremie Bauer,inverts,1,0_10,8,31.702231,-116.683246,Lithopoma_spp,1,5,
2019,7,4,Campo_Kennedy,Shallow,Jeremie Bauer,inverts,1,0_10,8,31.702231,-116.683246,Kelletia_kelletii,3,7,
2019,7,4,Campo_Kennedy,Shallow,Jeremie Bauer,inverts,1,0_10,8,31.702231,-116.683246,Kelletia_kelletii,1,8,
2019,7,4,Campo_Kennedy,Shallow,Jeremie Bauer,inverts,1,0_10,8,31.702231,-116.683246,Anthopleura_sola,1,,
2019,7,4,Campo_Kennedy,Shallow,Jeremie Bauer,inverts,1,0_10,8,31.702231,-116.683246,Patiria_miniata,6,,
2019,7,4,Campo_Kennedy,Shallow,Jeremie Bauer,inverts,1,0_10,8,31.702231,-116.683246,Parastichopus_parvimensis,1,,
2019,7,4,Campo_Kennedy,Shallow,Jeremie Bauer,inverts,1,0_10,8,31.702231,-116.683246,Lithopoma_spp,31,,
2019,7,4,Campo_Kennedy,Shallow,Jeremie Bauer,inverts,1,0_10,8,31.702231,-116.683246,Kelletia_kelletii,1,7,
2019,7,4,Campo_Kennedy,Shallow,Jeremie Bauer,inverts,1,0_10,8,31.702231,-116.683246,Kelletia_kelletii,1,3,
2019,7,4,Campo_Kennedy,Shallow,Jeremie Bauer,inverts,1,0_10,8,31.702231,-116.683246,Kelletia_kelletii,1,2,
2019,7,4,Campo_Kennedy,Shallow,Jeremie Bauer,inverts,1,0_10,8,31.702231,-116.683246,Strongylocentrotus_purpuratus,2,4,
2019,7,4,Campo_Kennedy,Shallow,Jeremie Bauer,inverts,1,0_10,8,31.702231,-116.683246,Centrostephanus_coronatus,2,5,
2019,7,4,Campo_Kennedy,Shallow,Jeremie Bauer,inverts,1,0_10,8,31.702231,-116.683246,Centrostephanus_coronatus,1,6,
2019,7,4,Campo_Kennedy,Shallow,Jeremie Bauer,inverts,1,0_10,8,31.702231,-116.683246,Tethya_aurantia,1,,
2019,7,4,Campo_Kennedy,Shallow,Jeremie Bauer,inverts,1,0_10,8,31.702231,-116.683246,Norrisia_norrisi,3,,
2019,7,4,Campo_Kennedy,Shallow,Jeremie Bauer,inverts,1,0_10,8,31.702231,-116.683246,Anthopleura_sola,1,,
2019,7,4,Campo_Kennedy,Shallow,Jeremie Bauer,inverts,1,10_20,8,31.702231,-116.683246,Patiria_miniata,5,,
2019,7,4,Campo_Kennedy,Shallow,Jeremie Bauer,inverts,1,10_20,8,31.702231,-116.683246,Megathura,1,3,
2019,7,4,Campo_Kennedy,Shallow,Jeremie Bauer,inverts,1,10_20,8,31.702231,-116.683246,Megathura,1,7,
2019,7,4,Campo_Kennedy,Shallow,Jeremie Bauer,inverts,1,10_20,8,31.702231,-116.683246,Megathura,1,10,
2019,7,4,Campo_Kennedy,Shallow,Jeremie Bauer,inverts,1,10_20,8,31.702231,-116.683246,Lithopoma_spp,39,,
2019,7,4,Campo_Kennedy,Shallow,Jeremie Bauer,inverts,1,10_20,8,31.702231,-116.683246,Kelletia_kelletii,23,,
2019,7,4,Campo_Kennedy,Shallow,Jeremie Bauer,inverts,1,10_20,8,31.702231,-116.683246,Mesosentrotus_franciscanus,2,10,
2019,7,4,Campo_Kennedy,Shallow,Jeremie Bauer,inverts,1,10_20,8,31.702231,-116.683246,Mesosentrotus_franciscanus,1,9,
2019,7,4,Campo_Kennedy,Shallow,Jeremie Bauer,inverts,1,10_20,8,31.702231,-116.683246,Centrostephanus_coronatus,3,,
2019,7,4,Campo_Kennedy,Shallow,Jeremie Bauer,inverts,1,10_20,8,31.702231,-116.683246,Anthopleura_sola,1,,
2019,7,4,Campo_Kennedy,Shallow,Jeremie Bauer,inverts,2,0_10,8,31.702231,-116.683246,Patiria_miniata,5,,
2019,7,4,Campo_Kennedy,Shallow,Jeremie Bauer,inverts,2,0_10,8,31.702231,-116.683246,Henricia,1,,
2019,7,4,Campo_Kennedy,Shallow,Jeremie Bauer,inverts,2,0_10,8,31.702231,-116.683246,Lithopoma_spp,2,5,
2019,7,4,Campo_Kennedy,Shallow,Jeremie Bauer,inverts,2,0_10,8,31.702231,-116.683246,Lithopoma_spp,2,3,
2019,7,4,Campo_Kennedy,Shallow,Jeremie Bauer,inverts,2,0_10,8,31.702231,-116.683246,Lithopoma_spp,1,8,
2019,7,4,Campo_Kennedy,Shallow,Jeremie Bauer,inverts,2,0_10,8,31.702231,-116.683246,Lithopoma_spp,2,4,
2019,7,4,Campo_Kennedy,Shallow,Jeremie Bauer,inverts,2,0_10,8,31.702231,-116.683246,Lithopoma_spp,2,9,
2019,7,4,Campo_Kennedy,Shallow,Jeremie Bauer,inverts,2,0_10,8,31.702231,-116.683246,Lithopoma_spp,1,7,
2019,7,4,Campo_Kennedy,Shallow,Jeremie Bauer,inverts,2,0_10,8,31.702231,-116.683246,Strongylocentrotus_purpuratus,8,4,
2019,7,4,Campo_Kennedy,Shallow,Jeremie Bauer,inverts,2,0_10,8,31.702231,-116.683246,Strongylocentrotus_purpuratus,4,5,
2019,7,4,Campo_Kennedy,Shallow,Jeremie Bauer,inverts,2,0_10,8,31.702231,-116.683246,Strongylocentrotus_purpuratus,2,8,
2019,7,4,Campo_Kennedy,Shallow,Jeremie Bauer,inverts,2,0_10,8,31.702231,-116.683246,Strongylocentrotus_purpuratus,1,7,
2019,7,4,Campo_Kennedy,Shallow,Jeremie Bauer,inverts,2,0_10,8,31.702231,-116.683246,Strongylocentrotus_purpuratus,1,9,
2019,7,4,Campo_Kennedy,Shallow,Jeremie Bauer,inverts,2,0_10,8,31.702231,-116.683246,Strongylocentrotus_purpuratus,1,10,
2019,7,4,Campo_Kennedy,Shallow,Jeremie Bauer,inverts,2,0_10,8,31.702231,-116.683246,Centrostephanus_coronatus,2,10,
2019,7,4,Campo_Kennedy,Shallow,Jeremie Bauer,inverts,2,0_10,8,31.702231,-116.683246,Centrostephanus_coronatus,1,11,
2019,7,4,Campo_Kennedy,Shallow,Jeremie Bauer,inverts,2,0_10,8,31.702231,-116.683246,Centrostephanus_coronatus,1,20,
2019,7,4,Campo_Kennedy,Shallow,Jeremie Bauer,inverts,2,0_10,8,31.702231,-116.683246,Anthopleura_sola,1,,
2019,7,4,Campo_Kennedy,Shallow,Jeremie Bauer,inverts,2,0_10,8,31.702231,-116.683246,Patiria_miniata,2,,
2019,7,4,Campo_Kennedy,Shallow,Jeremie Bauer,inverts,2,0_10,8,31.702231,-116.683246,Lithopoma_spp,8,,
2019,7,4,Campo_Kennedy,Shallow,Jeremie Bauer,inverts,2,0_10,8,31.702231,-116.683246,Kelletia_kelletii,3,,
2019,7,4,Campo_Kennedy,Shallow,Jeremie Bauer,inverts,2,0_10,8,31.702231,-116.683246,Mesosentrotus_franciscanus,1,12,
2019,7,4,Campo_Kennedy,Shallow,Jeremie Bauer,inverts,2,0_10,8,31.702231,-116.683246,Mesosentrotus_franciscanus,1,13,
2019,7,4,Campo_Kennedy,Shallow,Jeremie Bauer,inverts,2,0_10,8,31.702231,-116.683246,Strongylocentrotus_purpuratus,810,,
2019,7,4,Campo_Kennedy,Shallow,Jeremie Bauer,inverts,2,0_10,8,31.702231,-116.683246,Centrostephanus_coronatus,3,13,
2019,7,4,Campo_Kennedy,Shallow,Jeremie Bauer,inverts,2,10_20,8,31.702231,-116.683246,Patiria_miniata,1,,
2019,7,4,Campo_Kennedy,Shallow,Jeremie Bauer,inverts,2,10_20,8,31.702231,-116.683246,Megathura,1,,
2019,7,4,Campo_Kennedy,Shallow,Jeremie Bauer,inverts,2,10_20,8,31.702231,-116.683246,Lithopoma_spp,21,,
2019,7,4,Campo_Kennedy,Shallow,Jeremie Bauer,inverts,2,10_20,8,31.702231,-116.683246,Kelletia_kelletii,8,,
2019,7,4,Campo_Kennedy,Shallow,Jeremie Bauer,inverts,2,10_20,8,31.702231,-116.683246,Strongylocentrotus_purpuratus,540,,
2019,7,4,Campo_Kennedy,Shallow,Jeremie Bauer,inverts,2,10_20,8,31.702231,-116.683246,Centrostephanus_coronatus,2,9,