﻿Sitio,Profundidad,size_cm,Size_log,Size_sqrt
CampoLima,Somero,14,1.146128036,3.741657387
CampoLima,Somero,16,1.204119983,4
CampoLima,Somero,15,1.176091259,3.872983346
CampoLima,Somero,11,1.041392685,3.31662479
CampoLima,Somero,12,1.079181246,3.464101615
CampoLima,Somero,10,1,3.16227766
CampoLima,Somero,9,0.954242509,3
CampoLima,Somero,12,1.079181246,3.464101615
CampoLima,Somero,10,1,3.16227766
CampoLima,Somero,9,0.954242509,3
CampoLima,Somero,11,1.041392685,3.31662479
CampoLima,Somero,11,1.041392685,3.31662479
CampoLima,Somero,12,1.079181246,3.464101615
CampoLima,Somero,12,1.079181246,3.464101615
CampoLima,Somero,14,1.146128036,3.741657387
CampoLima,Somero,11,1.041392685,3.31662479
CampoLima,Somero,13,1.113943352,3.605551275
CampoLima,Somero,9,0.954242509,3
CampoLima,Profundo,15,1.176091259,3.872983346
CampoLima,Profundo,14,1.146128036,3.741657387
CampoLima,Somero,11,1.041392685,3.31662479
CampoLima,Somero,14,1.146128036,3.741657387
CampoLima,Somero,12,1.079181246,3.464101615
CampoLima,Somero,11,1.041392685,3.31662479
CampoLima,Somero,12,1.079181246,3.464101615
CampoLima,Somero,11,1.041392685,3.31662479
CampoLima,Somero,16,1.204119983,4
CampoLima,Somero,16,1.204119983,4
CampoLima,Somero,13,1.113943352,3.605551275
CampoLima,Somero,12,1.079181246,3.464101615
CampoLima,Somero,16,1.204119983,4
CampoLima,Somero,11,1.041392685,3.31662479
CampoLima,Somero,12,1.079181246,3.464101615
CampoLima,Somero,11,1.041392685,3.31662479
CampoLima,Somero,10,1,3.16227766
CampoLima,Somero,11,1.041392685,3.31662479
CampoLima,Somero,14,1.146128036,3.741657387
CampoLima,Somero,13,1.113943352,3.605551275
CampoLima,Somero,12,1.079181246,3.464101615
CampoLima,Somero,11,1.041392685,3.31662479
CampoLima,Somero,12,1.079181246,3.464101615
CampoLima,Somero,14,1.146128036,3.741657387
CampoLima,Somero,15,1.176091259,3.872983346
CampoLima,Somero,11,1.041392685,3.31662479
CampoLima,Somero,12,1.079181246,3.464101615
CampoLima,Somero,11,1.041392685,3.31662479
CampoLima,Somero,14,1.146128036,3.741657387
CampoLima,Somero,16,1.204119983,4
CampoLima,Somero,13,1.113943352,3.605551275
Campo_Lima_Derrumbe,Profundo,13,1.113943352,3.605551275
Campo_Lima_Derrumbe,Profundo,12,1.079181246,3.464101615
Campo_Lima_Derrumbe,Profundo,13,1.113943352,3.605551275
Campo_Lima_Derrumbe,Somero,13,1.113943352,3.605551275
Campo_Lima_Derrumbe,Somero,12,1.079181246,3.464101615
Campo_Lima_Derrumbe,Somero,13,1.113943352,3.605551275
Campo_Lima_Derrumbe,Somero,14,1.146128036,3.741657387
Campo_Lima_Derrumbe,Somero,14,1.146128036,3.741657387
Campo_Lima_Derrumbe,Somero,13,1.113943352,3.605551275
Campo_Lima_Derrumbe,Somero,14,1.146128036,3.741657387
Campo_Lima_Derrumbe,Somero,11,1.041392685,3.31662479
Campo_Lima_Derrumbe,Somero,14,1.146128036,3.741657387
Campo_Lima_Derrumbe,Somero,13,1.113943352,3.605551275
Campo_Lima_Derrumbe,Somero,15,1.176091259,3.872983346
Campo_Lima_Derrumbe,Somero,11,1.041392685,3.31662479
Campo_Lima_Derrumbe,Somero,11,1.041392685,3.31662479
Campo_Lima_Derrumbe,Somero,13,1.113943352,3.605551275
Campo_Lima_Derrumbe,Somero,15,1.176091259,3.872983346
Campo_Lima_Derrumbe,Somero,15,1.176091259,3.872983346
Campo_Lima_Derrumbe,Somero,20,1.301029996,4.472135955
Campo_Lima_Derrumbe,Somero,17,1.230448921,4.123105626
Campo_Lima_Derrumbe,Somero,16,1.204119983,4
Campo_Lima_Derrumbe,Somero,17,1.230448921,4.123105626
Campo_Lima_Derrumbe,Somero,14,1.146128036,3.741657387
Campo_Lima_Derrumbe,Somero,15,1.176091259,3.872983346
Campo_Lima_Derrumbe,Profundo,14,1.146128036,3.741657387
Corrales ,Profundo,17,1.230448921,4.123105626
Corrales ,Profundo,15,1.176091259,3.872983346
Corrales ,Profundo,16,1.204119983,4
Corrales ,Somero,18,1.255272505,4.242640687
Corrales ,Somero,16,1.204119983,4
Corrales ,Somero,13,1.113943352,3.605551275
Corrales ,Somero,14,1.146128036,3.741657387
Corrales ,Somero,15,1.176091259,3.872983346
Corrales ,Somero,14,1.146128036,3.741657387
Corrales ,Somero,17,1.230448921,4.123105626
Corrales ,Profundo,9,0.954242509,3
Corrales ,Profundo,18,1.255272505,4.242640687
Corrales ,Profundo,16,1.204119983,4
Corrales ,Somero,12,1.079181246,3.464101615
Corrales ,Somero,16,1.204119983,4
Corrales ,Somero,11,1.041392685,3.31662479
Corrales ,Somero,13,1.113943352,3.605551275
Corrales ,Somero,12,1.079181246,3.464101615
Corrales ,Somero,16,1.204119983,4
Corrales ,Somero,15,1.176091259,3.872983346
Corrales ,Somero,13,1.113943352,3.605551275
Corrales ,Somero,12,1.079181246,3.464101615
Corrales ,Somero,12,1.079181246,3.464101615
Corrales ,Somero,11,1.041392685,3.31662479
Corrales ,Somero,14,1.146128036,3.741657387
Corrales ,Somero,15,1.176091259,3.872983346
Corrales ,Somero,12,1.079181246,3.464101615
Corrales ,Somero,17,1.230448921,4.123105626
Corrales ,Somero,15,1.176091259,3.872983346
Corrales ,Somero,9,0.954242509,3
Corrales ,Somero,14,1.146128036,3.741657387
Corrales ,Somero,13,1.113943352,3.605551275
Corrales ,Somero,13,1.113943352,3.605551275
Corrales ,Somero,11,1.041392685,3.31662479
Corrales ,Profundo,11,1.041392685,3.31662479
Corrales ,Profundo,15,1.176091259,3.872983346
Corrales ,Profundo,16,1.204119983,4
Corrales ,Profundo,16,1.204119983,4
Corrales ,Profundo,13,1.113943352,3.605551275
Capilla,Somero,16,1.204119983,4
Capilla,Somero,15,1.176091259,3.872983346
Capilla,Somero,15,1.176091259,3.872983346
Capilla,Somero,9,0.954242509,3
Costilla_Arroyo,Profundo,10,1,3.16227766
Costilla_Arroyo,Profundo,13,1.113943352,3.605551275
Costilla_Arroyo,Profundo,14,1.146128036,3.741657387
Costilla_Arroyo,Profundo,13,1.113943352,3.605551275
Costilla_Arroyo,Profundo,13,1.113943352,3.605551275
Costilla_Arroyo,Profundo,14,1.146128036,3.741657387
Costilla_Arroyo,Profundo,15,1.176091259,3.872983346
Costilla_Arroyo,Profundo,15,1.176091259,3.872983346
Costilla_Arroyo,Profundo,16,1.204119983,4
Costilla_Arroyo,Somero,13,1.113943352,3.605551275
Costilla_Arroyo,Somero,14,1.146128036,3.741657387
Costilla_Arroyo,Somero,14,1.146128036,3.741657387
Costilla_Arroyo,Somero,16,1.204119983,4
Costilla_Arroyo,Somero,10,1,3.16227766
Costilla_Arroyo,Somero,14,1.146128036,3.741657387
Costilla_Arroyo,Somero,15,1.176091259,3.872983346
Costilla_Arroyo,Somero,13,1.113943352,3.605551275
Costilla_Arroyo,Somero,13,1.113943352,3.605551275
Costilla_Cueva,Somero,15,1.176091259,3.872983346
Costilla_Cueva,Somero,12,1.079181246,3.464101615
Costilla_Cueva,Somero,12,1.079181246,3.464101615
Costilla_Cueva,Somero,12,1.079181246,3.464101615
Costilla_Cueva,Somero,13,1.113943352,3.605551275
Costilla_Cueva,Somero,12,1.079181246,3.464101615
Costilla_Cueva,Somero,14,1.146128036,3.741657387
Costilla_Cueva,Somero,13,1.113943352,3.605551275
Costilla_Cueva,Somero,14,1.146128036,3.741657387
Costilla_Cueva,Somero,15,1.176091259,3.872983346
Costilla_Cueva,Somero,16,1.204119983,4
Costilla_Cueva,Somero,16,1.204119983,4
Costilla_Cueva,Somero,16,1.204119983,4
Costilla_Cueva,Somero,17,1.230448921,4.123105626
Costilla_Cueva,Somero,13,1.113943352,3.605551275
Costilla_Cueva,Somero,11,1.041392685,3.31662479
Costilla_Cueva,Somero,12,1.079181246,3.464101615
Costilla_Cueva,Somero,11,1.041392685,3.31662479
Costilla_Cueva,Somero,13,1.113943352,3.605551275
Costilla_Cueva,Somero,13,1.113943352,3.605551275
Costilla_Cueva,Somero,13,1.113943352,3.605551275
Costilla_Cueva,Somero,12,1.079181246,3.464101615
Costilla_Cueva,Somero,13,1.113943352,3.605551275
Costilla_Cueva,Somero,14,1.146128036,3.741657387
Costilla_Cueva,Somero,13,1.113943352,3.605551275
Costilla_Cueva,Somero,14,1.146128036,3.741657387
Costilla_Cueva,Somero,12,1.079181246,3.464101615
Costilla_Cueva,Somero,15,1.176091259,3.872983346
Costilla_Cueva,Somero,14,1.146128036,3.741657387
Costilla_Cueva,Somero,14,1.146128036,3.741657387
Costilla_Cueva,Somero,14,1.146128036,3.741657387
Costilla_Cueva,Profundo,15,1.176091259,3.872983346
Costilla_Cueva,Profundo,12,1.079181246,3.464101615
Costilla_Cueva,Profundo,14,1.146128036,3.741657387
Costilla_Cueva,Profundo,13,1.113943352,3.605551275
Costilla_Cueva,Profundo,13,1.113943352,3.605551275
Costilla_Cueva,Profundo,15,1.176091259,3.872983346
Costilla_Cueva,Profundo,15,1.176091259,3.872983346
Costilla_Cueva,Profundo,12,1.079181246,3.464101615
Costilla_Cueva,Profundo,14,1.146128036,3.741657387
Costilla_Cueva,Profundo,11,1.041392685,3.31662479
Costilla_Cueva,Profundo,11,1.041392685,3.31662479
Costilla_Punta Norte,Profundo,13,1.113943352,3.605551275
Costilla_Punta Norte,Profundo,15,1.176091259,3.872983346
Costilla_Punta Norte,Profundo,11,1.041392685,3.31662479
Costilla_Punta Norte,Profundo,10,1,3.16227766
Costilla_Punta Norte,Somero,16,1.204119983,4
Costilla_Punta Norte,Somero,13,1.113943352,3.605551275
Costilla_Punta Norte,Somero,14,1.146128036,3.741657387
Costilla_Punta Norte,Somero,14,1.146128036,3.741657387
Costilla_Punta Norte,Somero,14,1.146128036,3.741657387
Costilla_Punta Norte,Somero,17,1.230448921,4.123105626
Costilla_Punta Norte,Somero,15,1.176091259,3.872983346
Costilla_Punta Norte,Somero,13,1.113943352,3.605551275
Costilla_Punta Norte,Somero,11,1.041392685,3.31662479
Costilla_Punta Norte,Somero,15,1.176091259,3.872983346
Costilla_Punta Norte,Somero,10,1,3.16227766
Costilla_Punta Norte,Somero,14,1.146128036,3.741657387
Costilla_Punta Norte,Somero,17,1.230448921,4.123105626
Costilla_Punta Norte,Somero,14,1.146128036,3.741657387
Costilla_Punta Norte,Somero,13,1.113943352,3.605551275
Costilla_Punta Norte,Somero,14,1.146128036,3.741657387
Costilla_Punta Norte,Somero,15,1.176091259,3.872983346
Costilla_Punta Norte,Somero,13,1.113943352,3.605551275
Costilla_Punta Norte,Somero,16,1.204119983,4
Costilla_Punta Norte,Somero,14,1.146128036,3.741657387
Costilla_Punta Norte,Somero,14,1.146128036,3.741657387
Costilla_Punta Norte,Somero,16,1.204119983,4
Costilla_Punta Norte,Somero,15,1.176091259,3.872983346
Costilla_Punta Norte,Somero,11,1.041392685,3.31662479
Costilla_Punta Norte,Somero,15,1.176091259,3.872983346
Costilla_Sur,Profundo,12,1.079181246,3.464101615
Costilla_Sur,Profundo,12,1.079181246,3.464101615
Costilla_Sur,Profundo,14,1.146128036,3.741657387
Costilla_Sur,Profundo,15,1.176091259,3.872983346
Costilla_Sur,Profundo,13,1.113943352,3.605551275
Costilla_Sur,Somero,11,1.041392685,3.31662479
Costilla_Sur,Somero,12,1.079181246,3.464101615
Costilla_Sur,Somero,15,1.176091259,3.872983346
Costilla_Sur,Somero,15,1.176091259,3.872983346
Costilla_Sur,Somero,14,1.146128036,3.741657387
Costilla_Sur,Somero,13,1.113943352,3.605551275
Costilla_Sur,Somero,16,1.204119983,4
Costilla_Sur,Somero,12,1.079181246,3.464101615
Mona,Profundo,14,1.146128036,3.741657387
Mona,Somero,14,1.146128036,3.741657387
Mona,Somero,13,1.113943352,3.605551275
Mona,Somero,15,1.176091259,3.872983346
Mona,Somero,16,1.204119983,4
Mona,Somero,16,1.204119983,4
Mona,Somero,15,1.176091259,3.872983346
Mona,Somero,17,1.230448921,4.123105626
Mona,Somero,14,1.146128036,3.741657387
Mona,Somero,16,1.204119983,4
Mona,Somero,13,1.113943352,3.605551275
Mona,Somero,11,1.041392685,3.31662479
Mona,Somero,12,1.079181246,3.464101615
Mona,Somero,13,1.113943352,3.605551275
Mona,Somero,14,1.146128036,3.741657387
Mona,Somero,16,1.204119983,4
Mona,Somero,11,1.041392685,3.31662479
Mona,Somero,13,1.113943352,3.605551275
Mona,Somero,15,1.176091259,3.872983346
Mona,Somero,14,1.146128036,3.741657387
Mona,Somero,15,1.176091259,3.872983346
Mona,Somero,17,1.230448921,4.123105626
Mona,Somero,15,1.176091259,3.872983346
Mona,Somero,15,1.176091259,3.872983346
Mona,Somero,14,1.146128036,3.741657387
Mona,Somero,13,1.113943352,3.605551275
Mona,Somero,15,1.176091259,3.872983346
Mona,Somero,17,1.230448921,4.123105626
Mona,Somero,15,1.176091259,3.872983346
Mona,Somero,13,1.113943352,3.605551275
Mona,Somero,12,1.079181246,3.464101615
Mona,Somero,14,1.146128036,3.741657387
Mona,Somero,15,1.176091259,3.872983346
Mona,Somero,13,1.113943352,3.605551275
Mona,Somero,14,1.146128036,3.741657387
Mona,Somero,14,1.146128036,3.741657387
Mona,Somero,16,1.204119983,4
Mona,Somero,6,0.77815125,2.449489743
Mona,Somero,13,1.113943352,3.605551275
Plancha,Somero,17,1.230448921,4.123105626
Plancha,Somero,16,1.204119983,4
Plancha,Somero,14,1.146128036,3.741657387
Plancha,Somero,17,1.230448921,4.123105626
Plancha,Somero,16,1.204119983,4
Plancha,Somero,17,1.230448921,4.123105626
Plancha,Somero,16,1.204119983,4
Plancha,Somero,17,1.230448921,4.123105626
Plancha,Somero,16,1.204119983,4
Plancha,Somero,17,1.230448921,4.123105626
Plancha,Somero,14,1.146128036,3.741657387
Plancha,Somero,17,1.230448921,4.123105626
Plancha,Somero,16,1.204119983,4
Plancha,Somero,16,1.204119983,4
Plancha,Somero,17,1.230448921,4.123105626
Plancha,Somero,5,0.698970004,2.236067977
Plancha,Somero,15,1.176091259,3.872983346
Plancha,Somero,17,1.230448921,4.123105626
Plancha,Somero,15,1.176091259,3.872983346
Plancha,Somero,16,1.204119983,4
Plancha,Somero,15,1.176091259,3.872983346
Plancha,Somero,18,1.255272505,4.242640687
Plancha,Somero,18,1.255272505,4.242640687
Plancha,Somero,17,1.230448921,4.123105626
Plancha,Somero,16,1.204119983,4
Plancha,Somero,18,1.255272505,4.242640687
Plancha,Somero,17,1.230448921,4.123105626
Plancha,Somero,16,1.204119983,4
Plancha,Somero,17,1.230448921,4.123105626
Plancha,Somero,16,1.204119983,4
Plancha,Somero,17,1.230448921,4.123105626
Plancha,Somero,18,1.255272505,4.242640687
Plancha,Somero,10,1,3.16227766
Plancha,Somero,9,0.954242509,3
Plancha,Somero,15,1.176091259,3.872983346
Plancha,Somero,13,1.113943352,3.605551275
Plancha,Somero,16,1.204119983,4
Plancha,Somero,15,1.176091259,3.872983346
Plancha,Somero,18,1.255272505,4.242640687
Plancha,Somero,17,1.230448921,4.123105626
Plancha,Somero,19,1.278753601,4.358898944
Plancha,Somero,11,1.041392685,3.31662479
Plancha,Somero,18,1.255272505,4.242640687
Plancha,Somero,17,1.230448921,4.123105626
Plancha,Somero,10,1,3.16227766
Plancha,Somero,15,1.176091259,3.872983346
Plancha,Somero,16,1.204119983,4
Plancha,Somero,18,1.255272505,4.242640687
Plancha,Somero,17,1.230448921,4.123105626
Plancha,Somero,18,1.255272505,4.242640687
Plancha,Somero,17,1.230448921,4.123105626
Plancha,Somero,16,1.204119983,4
Plancha,Somero,15,1.176091259,3.872983346
Plancha,Somero,16,1.204119983,4
Plancha,Somero,16,1.204119983,4
Plancha,Somero,14,1.146128036,3.741657387
Plancha,Somero,10,1,3.16227766
Plancha,Somero,13,1.113943352,3.605551275
Plancha,Somero,18,1.255272505,4.242640687
Plancha,Somero,16,1.204119983,4
Plancha,Somero,15,1.176091259,3.872983346
Plancha,Somero,16,1.204119983,4
Plancha,Somero,17,1.230448921,4.123105626
Plancha,Somero,16,1.204119983,4
Plancha,Somero,17,1.230448921,4.123105626
Plancha,Somero,15,1.176091259,3.872983346
Plancha,Somero,10,1,3.16227766
Plancha,Somero,16,1.204119983,4
Plancha,Somero,17,1.230448921,4.123105626
Plancha,Somero,18,1.255272505,4.242640687
Plancha,Somero,11,1.041392685,3.31662479
Plancha,Somero,17,1.230448921,4.123105626
Plancha,Somero,16,1.204119983,4
Plancha,Somero,16,1.204119983,4
Plancha,Somero,12,1.079181246,3.464101615
Plancha,Somero,16,1.204119983,4
Plancha,Somero,11,1.041392685,3.31662479
Plancha,Somero,17,1.230448921,4.123105626
Plancha,Somero,16,1.204119983,4
Plancha,Somero,16,1.204119983,4
Plancha,Somero,18,1.255272505,4.242640687
Plancha,Somero,10,1,3.16227766
Plancha,Somero,15,1.176091259,3.872983346
Plancha,Somero,14,1.146128036,3.741657387
Cristo_Rey,Profundo,16,1.204119983,4
Cristo_Rey,Profundo,16,1.204119983,4
Cristo_Rey,Profundo,15,1.176091259,3.872983346
Cristo_Rey,Profundo,15,1.176091259,3.872983346
Cristo_Rey,Profundo,16,1.204119983,4
Cristo_Rey,Profundo,15,1.176091259,3.872983346
Cristo_Rey,Profundo,14,1.146128036,3.741657387
Cristo_Rey,Profundo,14,1.146128036,3.741657387
Cristo_Rey,Profundo,13,1.113943352,3.605551275
Cristo_Rey,Profundo,15,1.176091259,3.872983346
Cristo_Rey,Profundo,15,1.176091259,3.872983346
Cristo_Rey,Profundo,14,1.146128036,3.741657387
Cristo_Rey,Profundo,14,1.146128036,3.741657387
Cristo_Rey,Profundo,13,1.113943352,3.605551275
Cristo_Rey,Profundo,14,1.146128036,3.741657387
Cristo_Rey,Profundo,14,1.146128036,3.741657387
Cristo_Rey,Profundo,15,1.176091259,3.872983346
Cerro_Alto,Somero,16,1.204119983,4
Cerro_Alto,Somero,15,1.176091259,3.872983346
Cerro_Alto,Somero,16,1.204119983,4
Cerro_Alto,Somero,12,1.079181246,3.464101615
Cerro_Alto,Somero,13,1.113943352,3.605551275
Cerro_Alto,Somero,14,1.146128036,3.741657387
Cerro_Alto,Somero,14,1.146128036,3.741657387
Cerro_Alto,Somero,13,1.113943352,3.605551275
Cerro_Alto,Somero,14,1.146128036,3.741657387
Cerro_Alto,Somero,12,1.079181246,3.464101615
Cerro_Alto,Somero,12,1.079181246,3.464101615
Cerro_Alto,Somero,13,1.113943352,3.605551275
Cerro_Alto,Somero,14,1.146128036,3.741657387
Cerro_Alto,Somero,12,1.079181246,3.464101615
Cerro_Alto,Somero,14,1.146128036,3.741657387
Cerro_Alto,Somero,11,1.041392685,3.31662479
Cerro_Alto,Somero,14,1.146128036,3.741657387
Cerro_Alto,Somero,13,1.113943352,3.605551275
Cerro_Alto,Somero,15,1.176091259,3.872983346
Cerro_Alto,Somero,17,1.230448921,4.123105626
Cerro_Alto,Somero,15,1.176091259,3.872983346
Cerro_Alto,Profundo,14,1.146128036,3.741657387
Cerro_Alto,Profundo,12,1.079181246,3.464101615
Cerro_Alto,Profundo,15,1.176091259,3.872983346
Cerro_Alto,Profundo,16,1.204119983,4
Cerro_Alto,Profundo,13,1.113943352,3.605551275
Cerro_Alto,Profundo,13,1.113943352,3.605551275
Cerro_Alto,Profundo,11,1.041392685,3.31662479
Cerro_Alto,Profundo,13,1.113943352,3.605551275
Cerro_Alto,Profundo,11,1.041392685,3.31662479
Cerro_Alto,Profundo,17,1.230448921,4.123105626
Cerro_Alto,Profundo,13,1.113943352,3.605551275
Cerro_Alto,Profundo,14,1.146128036,3.741657387
Cerro_Alto,Profundo,14,1.146128036,3.741657387
Cerro_Alto,Profundo,15,1.176091259,3.872983346
Cerro_Alto,Profundo,12,1.079181246,3.464101615
Cerro_Alto,Profundo,16,1.204119983,4
Cerro_Alto,Somero,13,1.113943352,3.605551275
Cerro_Alto,Somero,14,1.146128036,3.741657387
Cerro_Alto,Somero,11,1.041392685,3.31662479
Cerro_Alto,Somero,13,1.113943352,3.605551275
Cerro_Alto,Somero,6,0.77815125,2.449489743
Cerro_Alto,Somero,16,1.204119983,4
Cerro_Alto,Somero,14,1.146128036,3.741657387
Cerro_Alto,Somero,11,1.041392685,3.31662479
Cerro_Alto,Somero,7,0.84509804,2.645751311
Cerro_Alto,Somero,14,1.146128036,3.741657387
Cerro_Alto,Somero,13,1.113943352,3.605551275
Cerro_Alto,Somero,14,1.146128036,3.741657387
Cerro_Alto,Somero,12,1.079181246,3.464101615
Cerro_Alto,Somero,14,1.146128036,3.741657387
Cerro_Alto,Somero,13,1.113943352,3.605551275
Cerro_Alto,Somero,14,1.146128036,3.741657387
Cerro_Alto,Somero,13,1.113943352,3.605551275
Cerro_Alto,Somero,11,1.041392685,3.31662479
Cerro_Alto,Somero,16,1.204119983,4
Cerro_Alto,Somero,9,0.954242509,3
Cerro_Alto,Somero,12,1.079181246,3.464101615
Cerro_Alto,Somero,15,1.176091259,3.872983346
Cerro_Alto,Somero,17,1.230448921,4.123105626
Cerro_Alto,Somero,16,1.204119983,4
Cerro_Alto,Somero,11,1.041392685,3.31662479
Cerro_Alto,Somero,17,1.230448921,4.123105626
Cerro_Alto,Somero,14,1.146128036,3.741657387
Cerro_Alto,Somero,12,1.079181246,3.464101615
Cerro_Alto,Profundo,16,1.204119983,4
Cerro_Alto,Profundo,14,1.146128036,3.741657387
Cerro_Alto,Profundo,15,1.176091259,3.872983346
Cerro_Alto,Profundo,13,1.113943352,3.605551275
Cerro_Alto,Profundo,12,1.079181246,3.464101615
Cerro_Alto,Profundo,9,0.954242509,3
Cerro_Alto,Profundo,16,1.204119983,4
Cerro_Alto,Profundo,17,1.230448921,4.123105626
Cerro_Alto,Profundo,15,1.176091259,3.872983346
Cerro_Alto,Profundo,14,1.146128036,3.741657387
Cerro_Alto,Profundo,16,1.204119983,4
Cerro_Alto,Profundo,14,1.146128036,3.741657387
Cerro_Alto,Profundo,16,1.204119983,4
Cerro_Alto,Profundo,16,1.204119983,4
Arroyitos,Somero,13,1.113943352,3.605551275
Arroyitos,Somero,14,1.146128036,3.741657387
Arroyitos,Somero,13,1.113943352,3.605551275
Arroyitos,Somero,9,0.954242509,3
Arroyitos,Somero,12,1.079181246,3.464101615
Arroyitos,Somero,12,1.079181246,3.464101615
Arroyitos,Somero,11,1.041392685,3.31662479
Arroyitos,Somero,15,1.176091259,3.872983346
Arroyitos,Somero,13,1.113943352,3.605551275
Arroyitos,Somero,13,1.113943352,3.605551275
Arroyitos,Somero,13,1.113943352,3.605551275
Arroyitos,Somero,14,1.146128036,3.741657387
Arroyitos,Somero,12,1.079181246,3.464101615
Arroyitos,Somero,14,1.146128036,3.741657387
Arroyitos,Somero,14,1.146128036,3.741657387
Arroyitos,Somero,12,1.079181246,3.464101615
Arroyitos,Somero,13,1.113943352,3.605551275
Arroyitos,Somero,15,1.176091259,3.872983346
Arroyitos,Somero,11,1.041392685,3.31662479
Arroyitos,Somero,13,1.113943352,3.605551275
Arroyitos,Somero,13,1.113943352,3.605551275
Arroyitos,Somero,14,1.146128036,3.741657387
Arroyitos,Somero,13,1.113943352,3.605551275
Arroyitos,Somero,15,1.176091259,3.872983346
Arroyitos,Somero,14,1.146128036,3.741657387
Arroyitos,Somero,9,0.954242509,3
Arroyitos,Somero,12,1.079181246,3.464101615
Arroyitos,Somero,12,1.079181246,3.464101615
Arroyitos,Somero,11,1.041392685,3.31662479
Arroyitos,Somero,16,1.204119983,4
Arroyitos,Somero,12,1.079181246,3.464101615
Arroyitos,Somero,13,1.113943352,3.605551275
Arroyitos,Somero,13,1.113943352,3.605551275
Arroyitos,Somero,14,1.146128036,3.741657387
Arroyitos,Somero,13,1.113943352,3.605551275
Arroyitos,Somero,14,1.146128036,3.741657387
Arroyitos,Somero,11,1.041392685,3.31662479
Arroyitos,Somero,14,1.146128036,3.741657387
Arroyitos,Somero,13,1.113943352,3.605551275
Arroyitos,Somero,12,1.079181246,3.464101615
Arroyitos,Somero,14,1.146128036,3.741657387
Arroyitos,Somero,14,1.146128036,3.741657387
Arroyitos,Somero,13,1.113943352,3.605551275
Arroyitos,Somero,11,1.041392685,3.31662479
Arroyitos,Somero,10,1,3.16227766
Arroyitos,Somero,14,1.146128036,3.741657387
Arroyitos,Somero,14,1.146128036,3.741657387
Arroyitos,Somero,13,1.113943352,3.605551275
Arroyitos,Somero,15,1.176091259,3.872983346
Arroyitos,Somero,14,1.146128036,3.741657387
Arroyitos,Somero,11,1.041392685,3.31662479
Arroyitos,Somero,13,1.113943352,3.605551275
Arroyitos,Somero,9,0.954242509,3
Arroyitos,Somero,10,1,3.16227766
Arroyitos,Somero,12,1.079181246,3.464101615
Arroyitos,Somero,12,1.079181246,3.464101615
Arroyitos,Somero,12,1.079181246,3.464101615
Arroyitos,Somero,14,1.146128036,3.741657387
Arroyitos,Somero,10,1,3.16227766
Arroyitos,Somero,14,1.146128036,3.741657387
Arroyitos,Somero,12,1.079181246,3.464101615
Arroyitos,Somero,9,0.954242509,3
Arroyitos,Somero,11,1.041392685,3.31662479
Arroyitos,Somero,12,1.079181246,3.464101615
Arroyitos,Somero,9,0.954242509,3
Arroyitos,Somero,11,1.041392685,3.31662479
Arroyitos,Somero,12,1.079181246,3.464101615
Arroyitos,Somero,14,1.146128036,3.741657387
Arroyitos,Somero,12,1.079181246,3.464101615
Arroyitos,Somero,10,1,3.16227766
Arroyitos,Somero,9,0.954242509,3
Arroyitos,Somero,12,1.079181246,3.464101615
Arroyitos,Somero,13,1.113943352,3.605551275
Arroyitos,Somero,11,1.041392685,3.31662479
Arroyitos,Somero,12,1.079181246,3.464101615
Arroyitos,Somero,7,0.84509804,2.645751311
Arroyitos,Somero,7,0.84509804,2.645751311
Arroyitos,Somero,9,0.954242509,3
Arroyitos,Somero,11,1.041392685,3.31662479
Arroyitos,Somero,11,1.041392685,3.31662479
Arroyitos,Somero,11,1.041392685,3.31662479
Arroyitos,Somero,9,0.954242509,3
Arroyitos,Somero,12,1.079181246,3.464101615
Arroyitos,Somero,7,0.84509804,2.645751311
Arroyitos,Somero,12,1.079181246,3.464101615
Arroyitos,Somero,14,1.146128036,3.741657387
Arroyitos,Somero,13,1.113943352,3.605551275
Arroyitos,Somero,12,1.079181246,3.464101615
Arroyitos,Somero,12,1.079181246,3.464101615
Arroyitos,Somero,10,1,3.16227766
Arroyitos,Somero,11,1.041392685,3.31662479
Arroyitos,Somero,12,1.079181246,3.464101615
Arroyitos,Somero,12,1.079181246,3.464101615
Faro_Norte,Somero,13,1.113943352,3.605551275
Faro_Norte,Somero,13,1.113943352,3.605551275
Faro_Norte,Somero,15,1.176091259,3.872983346
Faro_Norte,Somero,7,0.84509804,2.645751311
Faro_Norte,Somero,9,0.954242509,3
Faro_Norte,Somero,10,1,3.16227766
Faro_Norte,Somero,9,0.954242509,3
Faro_Norte,Somero,7,0.84509804,2.645751311
Faro_Norte,Somero,8,0.903089987,2.828427125
Faro_Norte,Somero,7,0.84509804,2.645751311
Faro_Norte,Somero,7,0.84509804,2.645751311
Chango,Profundo,13,1.113943352,3.605551275
Chango,Profundo,11,1.041392685,3.31662479
Chango,Profundo,15,1.176091259,3.872983346
Chango,Profundo,13,1.113943352,3.605551275
Chango,Profundo,12,1.079181246,3.464101615
Chango,Profundo,13,1.113943352,3.605551275
Chango,Profundo,8,0.903089987,2.828427125
Chango,Profundo,11,1.041392685,3.31662479
Chango,Profundo,11,1.041392685,3.31662479
Chango,Profundo,16,1.204119983,4
Chango,Profundo,17,1.230448921,4.123105626
Chango,Somero,8,0.903089987,2.828427125
Chango,Somero,10,1,3.16227766
Chango,Somero,5,0.698970004,2.236067977
Chango,Somero,8,0.903089987,2.828427125
Chango,Somero,8,0.903089987,2.828427125
Chango,Somero,8,0.903089987,2.828427125
Chango,Somero,4,0.602059991,2
Chango,Somero,4,0.602059991,2
Chango,Somero,4,0.602059991,2
Chango,Somero,5,0.698970004,2.236067977
Chango,Somero,4,0.602059991,2
Chango,Somero,8,0.903089987,2.828427125
Chango,Somero,8,0.903089987,2.828427125
Chango,Somero,7,0.84509804,2.645751311
Chango,Somero,7,0.84509804,2.645751311
Chango,Somero,6,0.77815125,2.449489743
Chango,Somero,8,0.903089987,2.828427125
Chango,Somero,10,1,3.16227766
Chango,Somero,11,1.041392685,3.31662479
Chango,Somero,12,1.079181246,3.464101615
Chango,Somero,7,0.84509804,2.645751311
Chango,Somero,6,0.77815125,2.449489743
Chango,Somero,3,0.477121255,1.732050808
Chango,Somero,10,1,3.16227766
Chango,Somero,4,0.602059991,2
Chango,Somero,5,0.698970004,2.236067977
Chango,Somero,6,0.77815125,2.449489743
Chango,Profundo,11,1.041392685,3.31662479
Chango,Profundo,15,1.176091259,3.872983346
Chango,Profundo,13,1.113943352,3.605551275
Chango,Profundo,14,1.146128036,3.741657387
Chango,Profundo,13,1.113943352,3.605551275
Chango,Profundo,12,1.079181246,3.464101615
Chango,Profundo,13,1.113943352,3.605551275
Chango,Profundo,12,1.079181246,3.464101615
Chango,Profundo,11,1.041392685,3.31662479
Chango,Profundo,12,1.079181246,3.464101615
Chango,Somero,6,0.77815125,2.449489743
Chango,Somero,5,0.698970004,2.236067977
Chango,Somero,8,0.903089987,2.828427125
Chango,Somero,5,0.698970004,2.236067977
Chango,Somero,10,1,3.16227766
Chango,Somero,6,0.77815125,2.449489743
Chango,Somero,8,0.903089987,2.828427125
Chango,Somero,10,1,3.16227766
Chango,Somero,6,0.77815125,2.449489743
Chango,Somero,8,0.903089987,2.828427125
Chango,Somero,8,0.903089987,2.828427125
Chango,Somero,6,0.77815125,2.449489743
Chango,Somero,6,0.77815125,2.449489743
Chango,Somero,5,0.698970004,2.236067977
Chango,Somero,5,0.698970004,2.236067977
Chango,Somero,4,0.602059991,2
Chango,Somero,6,0.77815125,2.449489743
Chango,Somero,6,0.77815125,2.449489743
Chango,Somero,5,0.698970004,2.236067977
Chango,Somero,6,0.77815125,2.449489743
Chango,Somero,6,0.77815125,2.449489743
Chango,Somero,6,0.77815125,2.449489743
Chango,Somero,8,0.903089987,2.828427125
Chango,Somero,16,1.204119983,4
Chango,Somero,10,1,3.16227766
Chango,Somero,13,1.113943352,3.605551275
Chango,Somero,13,1.113943352,3.605551275
Chango,Somero,12,1.079181246,3.464101615
Chango,Somero,7,0.84509804,2.645751311
Chango,Somero,7,0.84509804,2.645751311
Chango,Somero,11,1.041392685,3.31662479
Chango,Somero,14,1.146128036,3.741657387
Chango,Somero,11,1.041392685,3.31662479
Chango,Somero,14,1.146128036,3.741657387
Chango,Somero,15,1.176091259,3.872983346
Chango,Somero,14,1.146128036,3.741657387
Chango,Somero,15,1.176091259,3.872983346
Chango,Somero,9,0.954242509,3
Chango,Somero,10,1,3.16227766
Chango,Somero,14,1.146128036,3.741657387
Chango,Somero,13,1.113943352,3.605551275
Chango,Somero,13,1.113943352,3.605551275
Chango,Somero,12,1.079181246,3.464101615
Chango,Somero,14,1.146128036,3.741657387
Chango,Somero,11,1.041392685,3.31662479
Vela,Profundo,12,1.079181246,3.464101615
Vela,Profundo,8,0.903089987,2.828427125
Vela,Profundo,15,1.176091259,3.872983346
Vela,Profundo,11,1.041392685,3.31662479
Vela,Profundo,14,1.146128036,3.741657387
Vela,Profundo,10,1,3.16227766
Vela,Profundo,11,1.041392685,3.31662479
Vela,Profundo,12,1.079181246,3.464101615
Vela,Profundo,13,1.113943352,3.605551275
Vela,Profundo,13,1.113943352,3.605551275
Vela,Profundo,13,1.113943352,3.605551275
Vela,Profundo,18,1.255272505,4.242640687
Vela,Profundo,13,1.113943352,3.605551275
Vela,Profundo,13,1.113943352,3.605551275
Vela,Profundo,18,1.255272505,4.242640687
Vela,Profundo,13,1.113943352,3.605551275
Vela,Profundo,15,1.176091259,3.872983346
Vela,Somero,16,1.204119983,4
Vela,Somero,13,1.113943352,3.605551275
Vela,Somero,15,1.176091259,3.872983346
Vela,Somero,10,1,3.16227766
Vela,Somero,10,1,3.16227766
Vela,Somero,13,1.113943352,3.605551275
Vela,Somero,11,1.041392685,3.31662479
Vela,Somero,10,1,3.16227766
Vela,Somero,14,1.146128036,3.741657387
Vela,Somero,13,1.113943352,3.605551275
Vela,Somero,14,1.146128036,3.741657387
Vela,Somero,13,1.113943352,3.605551275
Vela,Somero,10,1,3.16227766
Vela,Somero,13,1.113943352,3.605551275
Vela,Somero,13,1.113943352,3.605551275
Vela,Somero,18,1.255272505,4.242640687
Vela,Somero,16,1.204119983,4
Vela,Somero,15,1.176091259,3.872983346
Vela,Somero,15,1.176091259,3.872983346
Vela,Somero,13,1.113943352,3.605551275
Vela,Somero,15,1.176091259,3.872983346
Vela,Somero,18,1.255272505,4.242640687
Vela,Somero,14,1.146128036,3.741657387
Vela,Somero,13,1.113943352,3.605551275
Vela,Somero,12,1.079181246,3.464101615
Vela,Somero,12,1.079181246,3.464101615
Vela,Somero,18,1.255272505,4.242640687
Vela,Somero,12,1.079181246,3.464101615
Vela,Somero,13,1.113943352,3.605551275
Vela,Somero,11,1.041392685,3.31662479
Vela,Somero,13,1.113943352,3.605551275
Vela,Somero,11,1.041392685,3.31662479
Vela,Somero,13,1.113943352,3.605551275
Vela,Somero,15,1.176091259,3.872983346
Vela,Somero,12,1.079181246,3.464101615
Vela,Somero,13,1.113943352,3.605551275
Vela,Somero,13,1.113943352,3.605551275
Vela,Somero,12,1.079181246,3.464101615
Vela,Somero,13,1.113943352,3.605551275
Vela,Somero,13,1.113943352,3.605551275
Vela,Somero,13,1.113943352,3.605551275
Vela,Somero,13,1.113943352,3.605551275
Vela,Somero,13,1.113943352,3.605551275
Vela,Somero,13,1.113943352,3.605551275
Vela,Somero,16,1.204119983,4
Vela,Somero,15,1.176091259,3.872983346
Vela,Somero,13,1.113943352,3.605551275
Vela,Somero,10,1,3.16227766
Pucha,Profundo,13,1.113943352,3.605551275
Pucha,Profundo,13,1.113943352,3.605551275
Pucha,Profundo,12,1.079181246,3.464101615
Pucha,Profundo,14,1.146128036,3.741657387
Pucha,Profundo,13,1.113943352,3.605551275
Pucha,Profundo,13,1.113943352,3.605551275
Pucha,Profundo,13,1.113943352,3.605551275
Pucha,Profundo,14,1.146128036,3.741657387
Pucha,Profundo,12,1.079181246,3.464101615
Pucha,Profundo,11,1.041392685,3.31662479
Pucha,Profundo,13,1.113943352,3.605551275
Pucha,Profundo,14,1.146128036,3.741657387
Pucha,Profundo,13,1.113943352,3.605551275
Pucha,Profundo,14,1.146128036,3.741657387
Pucha,Profundo,13,1.113943352,3.605551275
Pucha,Profundo,13,1.113943352,3.605551275
Pucha,Profundo,13,1.113943352,3.605551275
Pucha,Profundo,17,1.230448921,4.123105626
Pucha,Profundo,15,1.176091259,3.872983346
Pucha,Profundo,13,1.113943352,3.605551275
Pucha,Profundo,14,1.146128036,3.741657387
Pucha,Profundo,13,1.113943352,3.605551275
Pucha,Profundo,12,1.079181246,3.464101615
Pucha,Profundo,12,1.079181246,3.464101615
Pucha,Profundo,14,1.146128036,3.741657387
Pucha,Profundo,14,1.146128036,3.741657387
Pucha,Profundo,13,1.113943352,3.605551275
Pucha,Profundo,10,1,3.16227766
Pucha,Profundo,13,1.113943352,3.605551275
Pucha,Profundo,14,1.146128036,3.741657387
Pucha,Profundo,12,1.079181246,3.464101615
Pucha,Profundo,13,1.113943352,3.605551275
Pucha,Profundo,13,1.113943352,3.605551275
Pucha,Profundo,12,1.079181246,3.464101615
Pucha,Profundo,12,1.079181246,3.464101615
Pucha,Profundo,14,1.146128036,3.741657387
Pucha,Profundo,13,1.113943352,3.605551275
Pucha,Profundo,10,1,3.16227766
Pucha,Profundo,14,1.146128036,3.741657387
Pucha,Profundo,13,1.113943352,3.605551275
Pucha,Profundo,13,1.113943352,3.605551275
Pucha,Profundo,13,1.113943352,3.605551275
Pucha,Profundo,11,1.041392685,3.31662479
Pucha,Profundo,12,1.079181246,3.464101615
Pucha,Profundo,14,1.146128036,3.741657387
Pucha,Profundo,12,1.079181246,3.464101615
Pucha,Profundo,14,1.146128036,3.741657387
Pucha,Profundo,13,1.113943352,3.605551275
Pucha,Profundo,13,1.113943352,3.605551275
Punta_Tiburon,Somero,8,0.903089987,2.828427125
Punta_Tiburon,Somero,14,1.146128036,3.741657387
Punta_Tiburon,Somero,10,1,3.16227766
Punta_Tiburon,Somero,14,1.146128036,3.741657387
Punta_Tiburon,Somero,12,1.079181246,3.464101615
Punta_Tiburon,Somero,11,1.041392685,3.31662479
Punta_Tiburon,Somero,13,1.113943352,3.605551275
Punta_Tiburon,Somero,12,1.079181246,3.464101615
Punta_Tiburon,Somero,11,1.041392685,3.31662479
Punta_Tiburon,Somero,10,1,3.16227766
Punta_Tiburon,Profundo,16,1.204119983,4
Punta_Tiburon,Profundo,13,1.113943352,3.605551275
Punta_Tiburon,Profundo,14,1.146128036,3.741657387
Punta_Tiburon,Profundo,12,1.079181246,3.464101615
Punta_Tiburon,Profundo,11,1.041392685,3.31662479
Punta_Tiburon,Profundo,14,1.146128036,3.741657387
Punta_Tiburon,Profundo,13,1.113943352,3.605551275
Punta_Tiburon,Profundo,9,0.954242509,3
Punta_Tiburon,Profundo,15,1.176091259,3.872983346
Punta_Tiburon,Profundo,10,1,3.16227766
Punta_Tiburon,Profundo,12,1.079181246,3.464101615
Punta_Tiburon,Profundo,13,1.113943352,3.605551275
Punta_Tiburon,Profundo,14,1.146128036,3.741657387
Punta_Tiburon,Profundo,13,1.113943352,3.605551275
Punta_Tiburon,Profundo,14,1.146128036,3.741657387
Punta_Tiburon,Profundo,12,1.079181246,3.464101615
Punta_Tiburon,Profundo,11,1.041392685,3.31662479
Punta_Tiburon,Profundo,12,1.079181246,3.464101615
Pulpo,Somero,15,1.176091259,3.872983346
Pulpo,Somero,14,1.146128036,3.741657387
Pulpo,Somero,15,1.176091259,3.872983346
Pulpo,Somero,14,1.146128036,3.741657387
Pulpo,Somero,13,1.113943352,3.605551275
Pulpo,Somero,16,1.204119983,4
Pulpo,Somero,12,1.079181246,3.464101615
Pulpo,Somero,13,1.113943352,3.605551275
Pulpo,Somero,14,1.146128036,3.741657387
Pulpo,Somero,15,1.176091259,3.872983346
Pulpo,Somero,10,1,3.16227766
Pulpo,Somero,12,1.079181246,3.464101615
Pulpo,Somero,15,1.176091259,3.872983346
Pulpo,Somero,13,1.113943352,3.605551275
Castillo,Somero,12,1.079181246,3.464101615
Castillo,Somero,11,1.041392685,3.31662479
Castillo,Somero,13,1.113943352,3.605551275
Castillo,Somero,14,1.146128036,3.741657387
Castillo,Somero,14,1.146128036,3.741657387
Castillo,Somero,10,1,3.16227766
Castillo,Somero,10,1,3.16227766
Castillo,Somero,13,1.113943352,3.605551275
Castillo,Somero,12,1.079181246,3.464101615
Castillo,Somero,10,1,3.16227766
Castillo,Somero,10,1,3.16227766
Castillo,Somero,14,1.146128036,3.741657387
Castillo,Somero,14,1.146128036,3.741657387
Castillo,Somero,13,1.113943352,3.605551275
Castillo,Somero,12,1.079181246,3.464101615
Castillo,Somero,11,1.041392685,3.31662479
Castillo,Somero,13,1.113943352,3.605551275
Castillo,Profundo,15,1.176091259,3.872983346
Castillo,Profundo,19,1.278753601,4.358898944
Castillo,Profundo,14,1.146128036,3.741657387
Castillo,Profundo,14,1.146128036,3.741657387
Castillo,Somero,15,1.176091259,3.872983346
Castillo,Somero,14,1.146128036,3.741657387
Castillo,Somero,14,1.146128036,3.741657387
Castillo,Somero,13,1.113943352,3.605551275
Castillo,Somero,14,1.146128036,3.741657387
Castillo,Somero,14,1.146128036,3.741657387
Castillo,Somero,12,1.079181246,3.464101615
Castillo,Somero,11,1.041392685,3.31662479
Castillo,Somero,14,1.146128036,3.741657387
Castillo,Somero,15,1.176091259,3.872983346
Castillo,Somero,16,1.204119983,4
Castillo,Somero,16,1.204119983,4
Castillo,Somero,15,1.176091259,3.872983346
Castillo,Somero,17,1.230448921,4.123105626
Castillo,Somero,15,1.176091259,3.872983346
Castillo,Somero,14,1.146128036,3.741657387
Basto,Somero,12,1.079181246,3.464101615
Basto,Somero,14,1.146128036,3.741657387
Basto,Somero,15,1.176091259,3.872983346
Basto,Somero,10,1,3.16227766
Basto,Somero,11,1.041392685,3.31662479
Basto,Somero,11,1.041392685,3.31662479
Basto,Somero,15,1.176091259,3.872983346
Basto,Somero,13,1.113943352,3.605551275
Basto,Profundo,12,1.079181246,3.464101615
Basto,Profundo,14,1.146128036,3.741657387
Basto,Profundo,11,1.041392685,3.31662479
Basto,Profundo,16,1.204119983,4
Basto,Profundo,15,1.176091259,3.872983346
Basto,Profundo,16,1.204119983,4
Basto,Profundo,13,1.113943352,3.605551275
Basto,Profundo,16,1.204119983,4
Basto,Somero,17,1.230448921,4.123105626
Basto,Somero,11,1.041392685,3.31662479
Basto,Somero,14,1.146128036,3.741657387
Basto,Somero,15,1.176091259,3.872983346
Basto,Somero,14,1.146128036,3.741657387
Basto,Somero,12,1.079181246,3.464101615
Basto,Somero,12,1.079181246,3.464101615
Basto,Somero,14,1.146128036,3.741657387
Basto,Somero,13,1.113943352,3.605551275
Punta_Norte,Somero,14,1.146128036,3.741657387
Punta_Norte,Somero,13,1.113943352,3.605551275
Punta_Norte,Somero,11,1.041392685,3.31662479
Punta_Norte,Somero,12,1.079181246,3.464101615
Punta_Norte,Somero,14,1.146128036,3.741657387
Punta_Norte,Somero,17,1.230448921,4.123105626
Punta_Norte,Somero,11,1.041392685,3.31662479
Punta_Norte,Somero,11,1.041392685,3.31662479
Punta_Norte,Somero,10,1,3.16227766
Punta_Norte,Somero,14,1.146128036,3.741657387
Punta_Norte,Somero,12,1.079181246,3.464101615
Punta_Norte,Somero,12,1.079181246,3.464101615
Punta_Norte,Somero,13,1.113943352,3.605551275
Punta_Norte,Somero,12,1.079181246,3.464101615
Punta_Norte,Somero,12,1.079181246,3.464101615
Punta_Norte,Profundo,18,1.255272505,4.242640687
Punta_Norte,Profundo,17,1.230448921,4.123105626
Punta_Norte,Profundo,13,1.113943352,3.605551275
Punta_Norte,Profundo,16,1.204119983,4
Punta_Norte,Profundo,16,1.204119983,4
Punta_Norte,Profundo,15,1.176091259,3.872983346
Punta_Norte,Profundo,17,1.230448921,4.123105626
Punta_Norte,Profundo,16,1.204119983,4
Punta_Norte,Profundo,15,1.176091259,3.872983346
Punta_Norte,Profundo,11,1.041392685,3.31662479
Punta_Norte,Profundo,14,1.146128036,3.741657387
Punta_Norte,Profundo,15,1.176091259,3.872983346
Elefantes,Profundo,14,1.146128036,3.741657387
Elefantes,Profundo,11,1.041392685,3.31662479
Elefantes,Somero,12,1.079181246,3.464101615
Elefantes,Somero,15,1.176091259,3.872983346
Elefantes,Somero,13,1.113943352,3.605551275
Elefantes,Somero,11,1.041392685,3.31662479
Elefantes,Somero,14,1.146128036,3.741657387
Elefantes,Somero,15,1.176091259,3.872983346
Elefantes,Somero,13,1.113943352,3.605551275
Elefantes,Somero,11,1.041392685,3.31662479
Elefantes,Somero,11,1.041392685,3.31662479
Elefantes,Somero,9,0.954242509,3
Elefantes,Somero,14,1.146128036,3.741657387
Elefantes,Somero,15,1.176091259,3.872983346
Elefantes,Somero,14,1.146128036,3.741657387
Elefantes,Somero,15,1.176091259,3.872983346
Elefantes,Somero,11,1.041392685,3.31662479
Elefantes,Somero,14,1.146128036,3.741657387
Elefantes,Somero,11,1.041392685,3.31662479
Elefantes,Somero,13,1.113943352,3.605551275
Elefantes,Somero,13,1.113943352,3.605551275
Elefantes,Somero,13,1.113943352,3.605551275
Elefantes,Somero,13,1.113943352,3.605551275
Elefantes,Somero,11,1.041392685,3.31662479
Elefantes,Somero,15,1.176091259,3.872983346
Elefantes,Somero,12,1.079181246,3.464101615
Elefantes,Somero,14,1.146128036,3.741657387
Elefantes,Somero,13,1.113943352,3.605551275
Elefantes,Somero,12,1.079181246,3.464101615
Elefantes,Somero,17,1.230448921,4.123105626
Elefantes,Somero,14,1.146128036,3.741657387
Elefantes,Somero,14,1.146128036,3.741657387
Elefantes,Somero,16,1.204119983,4
Elefantes,Somero,16,1.204119983,4
Elefantes,Somero,14,1.146128036,3.741657387
Elefantes,Somero,15,1.176091259,3.872983346
Elefantes,Somero,13,1.113943352,3.605551275
Elefantes,Somero,13,1.113943352,3.605551275
Elefantes,Somero,13,1.113943352,3.605551275
Elefantes,Somero,14,1.146128036,3.741657387
Elefantes,Somero,10,1,3.16227766
Elefantes,Somero,15,1.176091259,3.872983346
Elefantes,Somero,11,1.041392685,3.31662479
Elefantes,Somero,13,1.113943352,3.605551275
Elefantes,Somero,13,1.113943352,3.605551275
Elefantes,Somero,13,1.113943352,3.605551275
Elefantes,Somero,13,1.113943352,3.605551275
Elefantes,Somero,15,1.176091259,3.872983346
Elefantes,Somero,14,1.146128036,3.741657387
Elefantes,Somero,14,1.146128036,3.741657387
Elefantes,Somero,13,1.113943352,3.605551275
Elefantes,Somero,9,0.954242509,3
Elefantes,Somero,7,0.84509804,2.645751311
Elefantes,Somero,8,0.903089987,2.828427125
Elefantes,Somero,14,1.146128036,3.741657387
Elefantes,Somero,13,1.113943352,3.605551275
Elefantes,Somero,14,1.146128036,3.741657387
Elefantes,Somero,16,1.204119983,4
Elefantes,Somero,11,1.041392685,3.31662479
Segundo_Vapor,Profundo,14,1.146128036,3.741657387
Segundo_Vapor,Profundo,16,1.204119983,4
Segundo_Vapor,Profundo,11,1.041392685,3.31662479
Segundo_Vapor,Profundo,12,1.079181246,3.464101615
Segundo_Vapor,Profundo,14,1.146128036,3.741657387
Segundo_Vapor,Profundo,13,1.113943352,3.605551275
Segundo_Vapor,Profundo,14,1.146128036,3.741657387
Segundo_Vapor,Profundo,18,1.255272505,4.242640687
Segundo_Vapor,Profundo,14,1.146128036,3.741657387
Segundo_Vapor,Profundo,14,1.146128036,3.741657387
Segundo_Vapor,Profundo,11,1.041392685,3.31662479
Segundo_Vapor,Profundo,14,1.146128036,3.741657387
Segundo_Vapor,Somero,14,1.146128036,3.741657387
Segundo_Vapor,Somero,14,1.146128036,3.741657387
Segundo_Vapor,Somero,16,1.204119983,4
Segundo_Vapor,Somero,12,1.079181246,3.464101615
Cueva,Profundo,14,1.146128036,3.741657387
Cueva,Profundo,15,1.176091259,3.872983346
Cueva,Profundo,14,1.146128036,3.741657387
Cueva,Profundo,14,1.146128036,3.741657387
Cueva,Profundo,12,1.079181246,3.464101615
Cueva,Profundo,14,1.146128036,3.741657387
Cueva,Profundo,16,1.204119983,4
Cueva,Profundo,15,1.176091259,3.872983346
Cueva,Profundo,14,1.146128036,3.741657387
Cueva,Profundo,13,1.113943352,3.605551275
Cueva,Profundo,15,1.176091259,3.872983346
Cueva,Profundo,11,1.041392685,3.31662479
Cueva,Profundo,13,1.113943352,3.605551275
Cueva,Profundo,12,1.079181246,3.464101615
Cueva,Profundo,13,1.113943352,3.605551275
Cueva,Profundo,13,1.113943352,3.605551275
Cueva,Profundo,12,1.079181246,3.464101615
Cueva,Profundo,13,1.113943352,3.605551275
Cueva,Profundo,15,1.176091259,3.872983346
Cueva,Profundo,15,1.176091259,3.872983346
Cueva,Profundo,17,1.230448921,4.123105626
Cueva,Somero,12,1.079181246,3.464101615
Cueva,Somero,16,1.204119983,4
Cueva,Somero,14,1.146128036,3.741657387
Cueva,Somero,13,1.113943352,3.605551275
Cueva,Somero,8,0.903089987,2.828427125
Cueva,Somero,13,1.113943352,3.605551275
Cueva,Somero,14,1.146128036,3.741657387
Cueva,Somero,13,1.113943352,3.605551275
Cueva,Somero,15,1.176091259,3.872983346
Cueva,Somero,15,1.176091259,3.872983346
Cueva,Somero,14,1.146128036,3.741657387
Cueva,Somero,16,1.204119983,4
Cueva,Somero,14,1.146128036,3.741657387
Cueva,Somero,14,1.146128036,3.741657387
Cueva,Somero,12,1.079181246,3.464101615
Cueva,Somero,13,1.113943352,3.605551275
Cueva,Somero,14,1.146128036,3.741657387
Cueva,Somero,11,1.041392685,3.31662479
Cueva,Somero,10,1,3.16227766
Cueva,Somero,12,1.079181246,3.464101615
Dos_Reyes,Profundo,17,1.230448921,4.123105626
Dos_Reyes,Profundo,16,1.204119983,4
Dos_Reyes,Profundo,13,1.113943352,3.605551275
Dos_Reyes,Profundo,17,1.230448921,4.123105626
Dos_Reyes,Profundo,14,1.146128036,3.741657387
Dos_Reyes,Profundo,13,1.113943352,3.605551275
Dos_Reyes,Profundo,15,1.176091259,3.872983346
Dos_Reyes,Profundo,15,1.176091259,3.872983346
Dos_Reyes,Profundo,15,1.176091259,3.872983346
Dos_Reyes,Profundo,14,1.146128036,3.741657387
Dos_Reyes,Profundo,11,1.041392685,3.31662479
Dos_Reyes,Profundo,12,1.079181246,3.464101615
Dos_Reyes,Profundo,14,1.146128036,3.741657387
Dos_Reyes,Profundo,13,1.113943352,3.605551275
Dos_Reyes,Profundo,14,1.146128036,3.741657387
Dos_Reyes,Profundo,13,1.113943352,3.605551275
Dos_Reyes,Profundo,14,1.146128036,3.741657387
Dos_Reyes,Profundo,11,1.041392685,3.31662479
Dos_Reyes,Profundo,12,1.079181246,3.464101615
Dos_Reyes,Profundo,15,1.176091259,3.872983346
Dos_Reyes,Profundo,8,0.903089987,2.828427125
Dos_Reyes,Somero,14,1.146128036,3.741657387
Dos_Reyes,Somero,13,1.113943352,3.605551275
Dos_Reyes,Somero,11,1.041392685,3.31662479
Dos_Reyes,Somero,14,1.146128036,3.741657387
Dos_Reyes,Somero,13,1.113943352,3.605551275
Dos_Reyes,Somero,17,1.230448921,4.123105626
Dos_Reyes,Somero,11,1.041392685,3.31662479
Dos_Reyes,Somero,12,1.079181246,3.464101615
Dos_Reyes,Somero,11,1.041392685,3.31662479
Dos_Reyes,Somero,7,0.84509804,2.645751311
Dos_Reyes,Somero,9,0.954242509,3
Dos_Reyes,Somero,13,1.113943352,3.605551275
Dos_Reyes,Somero,11,1.041392685,3.31662479
Dos_Reyes,Somero,12,1.079181246,3.464101615
Dos_Reyes,Somero,13,1.113943352,3.605551275
Dos_Reyes,Somero,16,1.204119983,4
Dos_Reyes,Somero,15,1.176091259,3.872983346
Dos_Reyes,Somero,8,0.903089987,2.828427125
Dos_Reyes,Somero,13,1.113943352,3.605551275
Dos_Reyes,Somero,13,1.113943352,3.605551275
Faro_Oeste,Somero,13,1.113943352,3.605551275
Faro_Oeste,Somero,11,1.041392685,3.31662479
Faro_Oeste,Somero,13,1.113943352,3.605551275
Faro_Oeste,Somero,14,1.146128036,3.741657387
Faro_Oeste,Somero,10,1,3.16227766
Faro_Oeste,Somero,15,1.176091259,3.872983346
Faro_Oeste,Somero,15,1.176091259,3.872983346
Faro_Oeste,Somero,13,1.113943352,3.605551275
Faro_Oeste,Somero,14,1.146128036,3.741657387
Faro_Oeste,Somero,16,1.204119983,4
Faro_Oeste,Somero,15,1.176091259,3.872983346
Faro_Oeste,Somero,9,0.954242509,3
Faro_Oeste,Somero,12,1.079181246,3.464101615
Faro_Oeste,Profundo,13,1.113943352,3.605551275
Faro_Oeste,Profundo,10,1,3.16227766
Faro_Oeste,Profundo,16,1.204119983,4
Faro_Oeste,Profundo,11,1.041392685,3.31662479
Faro_Oeste,Profundo,15,1.176091259,3.872983346
Faro_Oeste,Profundo,13,1.113943352,3.605551275
Faro_Oeste,Profundo,14,1.146128036,3.741657387
Faro_Oeste,Profundo,13,1.113943352,3.605551275
Faro_Oeste,Profundo,15,1.176091259,3.872983346
Faro_Oeste,Profundo,14,1.146128036,3.741657387
Faro_Oeste,Profundo,14,1.146128036,3.741657387
Faro_Oeste,Profundo,12,1.079181246,3.464101615
Faro_Oeste,Profundo,9,0.954242509,3
Faro_Oeste,Profundo,9,0.954242509,3
Faro_Oeste,Profundo,10,1,3.16227766
Faro_Oeste,Profundo,7,0.84509804,2.645751311
Gallina,Somero,13,1.113943352,3.605551275
Gallina,Somero,14,1.146128036,3.741657387
Gallina,Somero,14,1.146128036,3.741657387
Gallina,Somero,17,1.230448921,4.123105626
Gallina,Somero,10,1,3.16227766
Gallina,Somero,12,1.079181246,3.464101615
Gallina,Profundo,11,1.041392685,3.31662479
Gallina,Profundo,16,1.204119983,4
Gallina,Profundo,12,1.079181246,3.464101615
Gallina,Profundo,16,1.204119983,4
Gallina,Profundo,13,1.113943352,3.605551275
Cortina,Somero,13,1.113943352,3.605551275
Cortina,Somero,15,1.176091259,3.872983346
Cortina,Somero,12,1.079181246,3.464101615
Cortina,Somero,11,1.041392685,3.31662479
Cortina,Somero,14,1.146128036,3.741657387
Cortina,Somero,13,1.113943352,3.605551275
Cortina,Profundo,9,0.954242509,3
Cortina,Profundo,14,1.146128036,3.741657387
Cortina,Profundo,14,1.146128036,3.741657387
Cortina,Profundo,12,1.079181246,3.464101615
Cortina,Profundo,12,1.079181246,3.464101615
Cortina,Profundo,7,0.84509804,2.645751311
Cortina,Profundo,15,1.176091259,3.872983346
Cortina,Profundo,15,1.176091259,3.872983346
Cortina,Profundo,13,1.113943352,3.605551275
Cortina,Profundo,11,1.041392685,3.31662479
Cortina,Profundo,8,0.903089987,2.828427125
Cortina,Profundo,10,1,3.16227766
Cortina,Profundo,12,1.079181246,3.464101615
Cortina,Profundo,10,1,3.16227766
Cortina,Profundo,13,1.113943352,3.605551275
Cortina,Profundo,15,1.176091259,3.872983346
Cortina,Profundo,12,1.079181246,3.464101615
Cortina,Profundo,16,1.204119983,4
Cortina,Profundo,16,1.204119983,4
Cortina,Profundo,13,1.113943352,3.605551275
Cortina,Profundo,17,1.230448921,4.123105626
Cortina,Profundo,16,1.204119983,4
Laminas,Somero ,17,1.230448921,4.123105626
Laminas,Somero ,15,1.176091259,3.872983346
Laminas,Somero ,11,1.041392685,3.31662479
Laminas,Somero ,15,1.176091259,3.872983346
Laminas,Somero ,15,1.176091259,3.872983346
Laminas,Somero ,16,1.204119983,4
Laminas,Somero ,12,1.079181246,3.464101615
Laminas,Somero ,16,1.204119983,4
Laminas,Somero ,16,1.204119983,4
Laminas,Somero ,16,1.204119983,4
Laminas,Somero ,14,1.146128036,3.741657387
Laminas,Somero ,16,1.204119983,4
Laminas,Somero ,15,1.176091259,3.872983346
Laminas,Somero ,14,1.146128036,3.741657387
Laminas,Profundo,12,1.079181246,3.464101615
Laminas,Profundo,17,1.230448921,4.123105626
Laminas,Profundo,18,1.255272505,4.242640687
Laminas,Profundo,15,1.176091259,3.872983346
Laminas,Profundo,16,1.204119983,4
Laminas,Profundo,14,1.146128036,3.741657387
Laminas,Profundo,15,1.176091259,3.872983346
Laminas,Profundo,17,1.230448921,4.123105626
Laminas,Profundo,18,1.255272505,4.242640687
Toro,Somero,14,1.146128036,3.741657387
Toro,Somero,13,1.113943352,3.605551275
Toro,Profundo,15,1.176091259,3.872983346
Toro,Profundo,13,1.113943352,3.605551275
Toro,Profundo,14,1.146128036,3.741657387
Toro,Profundo,15,1.176091259,3.872983346
Toro,Profundo,12,1.079181246,3.464101615
Gaviota ,Profundo,14,1.146128036,3.741657387
Gaviota ,Profundo,12,1.079181246,3.464101615
Gaviota ,Profundo,11,1.041392685,3.31662479
Gaviota ,Profundo,13,1.113943352,3.605551275
Gaviota ,Profundo,14,1.146128036,3.741657387
Gaviota ,Profundo,14,1.146128036,3.741657387
Gaviota ,Profundo,15,1.176091259,3.872983346
Gaviota ,Profundo,10,1,3.16227766
Gaviota ,Profundo,11,1.041392685,3.31662479
Gaviota ,Profundo,16,1.204119983,4
Gaviota ,Profundo,14,1.146128036,3.741657387
Gaviota ,Profundo,13,1.113943352,3.605551275
Gaviota ,Profundo,14,1.146128036,3.741657387
Gaviota ,Profundo,13,1.113943352,3.605551275
Gaviota ,Profundo,12,1.079181246,3.464101615
Gaviota ,Profundo,12,1.079181246,3.464101615
Gaviota ,Profundo,15,1.176091259,3.872983346
Gaviota ,Profundo,14,1.146128036,3.741657387
Gaviota ,Profundo,12,1.079181246,3.464101615
Gaviota ,Profundo,11,1.041392685,3.31662479
Gaviota ,Profundo,10,1,3.16227766
Gaviota ,Profundo,14,1.146128036,3.741657387
Gaviota ,Profundo,14,1.146128036,3.741657387
Gaviota ,Profundo,14,1.146128036,3.741657387
Gaviota ,Profundo,10,1,3.16227766
Gaviota ,Somero,16,1.204119983,4
Gaviota ,Somero,15,1.176091259,3.872983346
Gaviota ,Somero,8,0.903089987,2.828427125
Gaviota ,Somero,11,1.041392685,3.31662479
Gaviota ,Somero,14,1.146128036,3.741657387
Gaviota ,Somero,14,1.146128036,3.741657387
Gaviota ,Somero,13,1.113943352,3.605551275
Gaviota ,Somero,8,0.903089987,2.828427125
Gaviota ,Somero,16,1.204119983,4
Gaviota ,Somero,11,1.041392685,3.31662479
Gaviota ,Somero,14,1.146128036,3.741657387
Gaviota ,Somero,14,1.146128036,3.741657387
Gaviota ,Somero,14,1.146128036,3.741657387
Gaviota ,Somero,9,0.954242509,3
Gaviota ,Somero,12,1.079181246,3.464101615
Gaviota ,Somero,13,1.113943352,3.605551275
Gaviota ,Somero,15,1.176091259,3.872983346
Gaviota ,Somero,15,1.176091259,3.872983346
Gaviota ,Somero,14,1.146128036,3.741657387
Gaviota ,Somero,10,1,3.16227766
Gaviota ,Somero,13,1.113943352,3.605551275
Gaviota ,Somero,13,1.113943352,3.605551275
Gaviota ,Somero,14,1.146128036,3.741657387
Gaviota ,Somero,16,1.204119983,4
Gaviota ,Somero,12,1.079181246,3.464101615
Gaviota ,Somero,9,0.954242509,3
Gaviota ,Somero,15,1.176091259,3.872983346
Gaviota ,Somero,13,1.113943352,3.605551275
Gaviota ,Somero,14,1.146128036,3.741657387
Gaviota ,Somero,11,1.041392685,3.31662479
Gaviota ,Somero,12,1.079181246,3.464101615
Gaviota ,Somero,15,1.176091259,3.872983346
Gaviota ,Somero,13,1.113943352,3.605551275
Gaviota ,Somero,12,1.079181246,3.464101615
Gaviota ,Somero,12,1.079181246,3.464101615
Gaviota ,Somero,12,1.079181246,3.464101615
Gaviota ,Somero,13,1.113943352,3.605551275
Gaviota ,Somero,11,1.041392685,3.31662479
Gaviota ,Somero,14,1.146128036,3.741657387
Gaviota ,Somero,14,1.146128036,3.741657387
Gaviota ,Somero,15,1.176091259,3.872983346
Gaviota ,Somero,10,1,3.16227766
Gaviota ,Somero,12,1.079181246,3.464101615
Gaviota ,Somero,13,1.113943352,3.605551275
Gaviota ,Somero,14,1.146128036,3.741657387
Gaviota ,Somero,14,1.146128036,3.741657387
Gaviota ,Somero,11,1.041392685,3.31662479
Gaviota ,Somero,12,1.079181246,3.464101615
Gaviota ,Somero,12,1.079181246,3.464101615
Gaviota ,Somero,13,1.113943352,3.605551275
Gaviota ,Somero,14,1.146128036,3.741657387
Gaviota ,Somero,12,1.079181246,3.464101615
Gaviota ,Somero,12,1.079181246,3.464101615
Gaviota ,Somero,12,1.079181246,3.464101615
Gaviota ,Somero,14,1.146128036,3.741657387
