Sitio,Transecto,Profundidad,numero_organismo,spp,Coordenada X (Transecto),Coordenada Y (- izq) (+ der),size_cm
Campo lima,1,Somero,1,H. fulgens,27,90-,14
Campo lima,1,Somero,2,H. fulgens,26,70+,16
Campo lima,1,Somero,3,H. fulgens,25,70-,15
Campo lima,1,Somero,4,H. fulgens,17,30-,11
Campo lima,1,Somero,5,H. fulgens,17,90-,12
Campo lima,1,Somero,6,H. fulgens,17,70-,10
Campo lima,1,Somero,7,H. fulgens,15,60+,9
Campo lima,1,Somero,8,H. fulgens,18,30-,12
Campo lima,1,Somero,9,H. fulgens,17,60-,10
Campo lima,1,Somero,10,H. fulgens,14,60+,9
Campo lima,1,Somero,11,H. fulgens,13,80+,11
Campo lima,1,Somero,12,H. fulgens,11,60-,11
Campo lima,1,Somero,13,H. fulgens,10,100-,12
Campo lima,1,Somero,14,H. fulgens,9,50+,12
Campo lima,1,Somero,15,H. fulgens,5,70-,14
Campo lima,1,Somero,16,H. fulgens,5,10-,11
Campo lima,1,Somero,17,H. fulgens,3,80-,13
Campo lima,1,Somero,18,H. fulgens,3,100-,9
Campo lima,1,Profundo,1,H. fulgens,27,0,15
Campo lima,1,Profundo,2,H. fulgens,8,20-,14
Campo lima,2,Somero,1,H. fulgens,26,40-,11
Campo lima,2,Somero,2,H. fulgens,25,50+,14
Campo lima,2,Somero,3,H. fulgens,24,30-,12
Campo lima,2,Somero,4,H. fulgens,24,20-,11
Campo lima,2,Somero,5,H. fulgens,23,50-,12
Campo lima,2,Somero,6,H. fulgens,22,20-,11
Campo lima,2,Somero,7,H. fulgens,20,50-,16
Campo lima,2,Somero,8,H. fulgens,18,100+,16
Campo lima,2,Somero,9,H. fulgens,14,70-,13
Campo lima,2,Somero,10,H. fulgens,13,50+,12
Campo lima,2,Somero,11,H. fulgens,12,100-,16
Campo lima,2,Somero,12,H. fulgens,12,0,11
Campo lima,2,Somero,13,H. fulgens,12,0,12
Campo lima,2,Somero,14,H. fulgens,11,20+,11
Campo lima,2,Somero,15,H. fulgens,11,50+,10
Campo lima,2,Somero,16,H. fulgens,11,70+,11
Campo lima,2,Somero,17,H. fulgens,11,100+,14
Campo lima,2,Somero,18,H. fulgens,10,15+,13
Campo lima,2,Somero,19,H. fulgens,10,20-,12
Campo lima,2,Somero,20,H. fulgens,8,50+,11
Campo lima,2,Somero,21,H. fulgens,6,40+,12
Campo lima,2,Somero,22,H. fulgens,6,70+,14
Campo lima,2,Somero,23,H. fulgens,5,50+,15
Campo lima,2,Somero,24,H. fulgens,5,100+,11
Campo lima,2,Somero,25,H. fulgens,4,30+,12
Campo lima,2,Somero,26,H. fulgens,3,25-,11
Campo lima,2,Somero,27,H. fulgens,3,50-,14
Campo lima,2,Somero,28,H. fulgens,3,40-,16
Campo lima,2,Somero,29,H. fulgens,2,50-,13
Campo lima,2,Profundo,0,na,na,na,na
Campo lima (Derrumbe),1,Profundo,1,H. fulgens,13,70-,13
Campo lima (Derrumbe),1,Profundo,2,H. fulgens,21,20+,12
Campo lima (Derrumbe),1,Profundo,3,H. fulgens,29,10+,13
Campo lima (Derrumbe),1,Somero,1,H. fulgens,4,20-,13
Campo lima (Derrumbe),1,Somero,2,H. fulgens,6,20-,12
Campo lima (Derrumbe),1,Somero,3,H. fulgens,11,50+,13
Campo lima (Derrumbe),1,Somero,4,H. fulgens,11,50+,14
Campo lima (Derrumbe),1,Somero,5,H. fulgens,11,50+,14
Campo lima (Derrumbe),1,Somero,6,H. fulgens,12,60+,13
Campo lima (Derrumbe),1,Somero,7,H. fulgens,12,60+,14
Campo lima (Derrumbe),1,Somero,8,H. fulgens,17,40-,11
Campo lima (Derrumbe),1,Somero,9,H. fulgens,19,30+,14
Campo lima (Derrumbe),1,Somero,10,H. fulgens,21,100-,13
Campo lima (Derrumbe),1,Somero,11,H. fulgens,26,10-,15
Campo lima (Derrumbe),1,Somero,12,H. fulgens,29,90-,11
Campo lima (Derrumbe),2,Somero,1,H. fulgens,27,45+,11
Campo lima (Derrumbe),2,Somero,2,H. fulgens,25,100-,13
Campo lima (Derrumbe),2,Somero,3,H. fulgens,24,50+,15
Campo lima (Derrumbe),2,Somero,4,H. fulgens,21,70+,15
Campo lima (Derrumbe),2,Somero,5,H. fulgens,20,70-,20
Campo lima (Derrumbe),2,Somero,6,H. fulgens,20,50+,17
Campo lima (Derrumbe),2,Somero,7,H. fulgens,19,40+,16
Campo lima (Derrumbe),2,Somero,8,H. fulgens,8,30-,17
Campo lima (Derrumbe),2,Somero,9,H. fulgens,6,30-,14
Campo lima (Derrumbe),2,Somero,10,H. fulgens,6,100+,15
Campo lima (Derrumbe),2,Profundo,1,H. fulgens,11,70+,14
Corrales ,1,Profundo,1,H. fulgens,8,30+,17
Corrales ,1,Profundo,2,H. fulgens,8,30+,15
Corrales ,1,Profundo,3,H. fulgens,12,10-,16
Corrales ,2,Somero,1,H. fulgens,9,10-,18
Corrales ,2,Somero,2,H. fulgens,7,30-,16
Corrales ,2,Somero,3,H. fulgens,7,25-,13
Corrales ,2,Somero,4,H. fulgens,3,15-,14
Corrales ,2,Somero,5,H. fulgens,3,15-,15
Corrales ,2,Somero,6,H. fulgens,3,15-,14
Corrales ,2,Somero,7,H. fulgens,2,100+,17
Corrales ,3,Profundo,1,H. fulgens,16,15+,9
Corrales ,3,Profundo,2,H. fulgens,3,10+,18
Corrales ,3,Profundo,3,H. fulgens,1,30-,16
Corrales ,1,Somero,1,H. fulgens,30,50-,12
Corrales ,1,Somero,2,H. fulgens,30,15+,16
Corrales ,1,Somero,3,H. fulgens,28,20-,11
Corrales ,1,Somero,4,H. fulgens,28,30+,13
Corrales ,1,Somero,5,H. fulgens,28,15+,12
Corrales ,1,Somero,6,H. fulgens,28,60+,16
Corrales ,1,Somero,7,H. fulgens,27,15-,15
Corrales ,1,Somero,8,H. fulgens,27,0,13
Corrales ,1,Somero,9,H. fulgens,24,20+,12
Corrales ,1,Somero,10,H. fulgens,24,30-,12
Corrales ,1,Somero,11,H. fulgens,22,30-,11
Corrales ,1,Somero,12,H. fulgens,21,50-,14
Corrales ,1,Somero,13,H. fulgens,21,70-,15
Corrales ,1,Somero,14,H. fulgens,21,70-,12
Corrales ,1,Somero,15,H. fulgens,20,0,17
Corrales ,1,Somero,16,H. fulgens,19,20-,15
Corrales ,1,Somero,17,H. fulgens,8,20-,9
Corrales ,1,Somero,18,H. fulgens,3,70-,14
Corrales ,1,Somero,19,H. fulgens,3,30-,13
Corrales ,1,Somero,20,H. fulgens,3,20-,13
Corrales ,1,Somero,21,H. fulgens,3,20-,11
Corrales ,2,Profundo,1,H. fulgens,25,0,11
Corrales ,2,Profundo,2,H. fulgens,25,0,15
Corrales ,2,Profundo,3,H. fulgens,14,30-,16
Corrales ,2,Profundo,4,H. fulgens,10,40-,16
Corrales ,2,Profundo,5,H. fulgens,10,50-,13
La Capilla,2,Somero,1,H. fulgens,22,90-,16
La Capilla,2,Somero,2,H. fulgens,22,90-,15
La Capilla,2,Somero,3,H. fulgens,17,30+,15
La Capilla,2,Somero,4,H. fulgens,6,90-,9
La Costilla (Arroyo),1,Profundo,1,H. fulgens,11,90+,10
La Costilla (Arroyo),1,Profundo,2,H. fulgens,13,30+,13
La Costilla (Arroyo),1,Profundo,3,H. fulgens,16,70+,14
La Costilla (Arroyo),1,Profundo,4,H. fulgens,17,60+,13
La Costilla (Arroyo),1,Profundo,5,H. fulgens,22,10-,13
La Costilla (Arroyo),1,Profundo,6,H. fulgens,23,40-,14
La Costilla (Arroyo),1,Profundo,7,H. fulgens,23,40-,15
La Costilla (Arroyo),1,Profundo,8,H. fulgens,24,50-,15
La Costilla (Arroyo),1,Profundo,9,H. fulgens,25,60-,16
La Costilla (Arroyo),1,Somero,1,H. fulgens,1,20+,13
La Costilla (Arroyo),1,Somero,2,H. fulgens,7,50+,14
La Costilla (Arroyo),1,Somero,3,H. fulgens,10,60+,14
La Costilla (Arroyo),1,Somero,4,H. fulgens,11,70+,16
La Costilla (Arroyo),1,Somero,5,H. fulgens,14,50+,10
La Costilla (Arroyo),1,Somero,6,H. fulgens,15,90+,14
La Costilla (Arroyo),1,Somero,7,H. fulgens,17,40+,15
La Costilla (Arroyo),1,Somero,8,H. fulgens,19,60-,13
La Costilla (Arroyo),1,Somero,9,H. fulgens,24,80-,13
La Costilla (Cueva),1,Somero,1,H. fulgens,1,10-,15
La Costilla (Cueva),1,Somero,2,H. fulgens,3,60-,12
La Costilla (Cueva),1,Somero,3,H. fulgens,5,30+,12
La Costilla (Cueva),1,Somero,4,H. fulgens,5,30+,12
La Costilla (Cueva),1,Somero,5,H. fulgens,5,30+,13
La Costilla (Cueva),1,Somero,6,H. fulgens,5,30+,12
La Costilla (Cueva),1,Somero,7,H. fulgens,5,30+,14
La Costilla (Cueva),1,Somero,8,H. fulgens,8,40+,13
La Costilla (Cueva),1,Somero,9,H. fulgens,11,60-,14
La Costilla (Cueva),1,Somero,10,H. fulgens,13,10-,15
La Costilla (Cueva),1,Somero,11,H. fulgens,13,20-,16
La Costilla (Cueva),1,Somero,12,H. fulgens,15,80+,16
La Costilla (Cueva),1,Somero,13,H. fulgens,17,30+,16
La Costilla (Cueva),1,Somero,14,H. fulgens,18,10-,17
La Costilla (Cueva),1,Somero,15,H. fulgens,19,20-,13
La Costilla (Cueva),1,Somero,16,H. fulgens,22,60+,11
La Costilla (Cueva),1,Somero,17,H. fulgens,23,90+,12
La Costilla (Cueva),1,Somero,18,H. fulgens,25,50-,11
La Costilla (Cueva),2,Somero,1,H. fulgens,3,10+,13
La Costilla (Cueva),2,Somero,2,H. fulgens,3,10+,13
La Costilla (Cueva),2,Somero,3,H. fulgens,3,10+,13
La Costilla (Cueva),2,Somero,4,H. fulgens,3,10+,12
La Costilla (Cueva),2,Somero,5,H. fulgens,6,70-,13
La Costilla (Cueva),2,Somero,6,H. fulgens,7,20-,14
La Costilla (Cueva),2,Somero,7,H. fulgens,7,20-,13
La Costilla (Cueva),2,Somero,8,H. fulgens,7,20-,14
La Costilla (Cueva),2,Somero,9,H. fulgens,7,20+,12
La Costilla (Cueva),2,Somero,10,H. fulgens,9,70+,15
La Costilla (Cueva),2,Somero,11,H. fulgens,13,30-,14
La Costilla (Cueva),2,Somero,12,H. fulgens,20,90-,14
La Costilla (Cueva),2,Somero,13,H. fulgens,25,90+,14
La Costilla (Cueva),1,Profundo,1,H. fulgens,10,100+,15
La Costilla (Cueva),1,Profundo,2,H. fulgens,11,100+,12
La Costilla (Cueva),1,Profundo,3,H. fulgens,12,10-,14
La Costilla (Cueva),1,Profundo,4,H. fulgens,13,50+,13
La Costilla (Cueva),1,Profundo,5,H. fulgens,13,50+,13
La Costilla (Cueva),2,Profundo,1,H. fulgens,1,30+,15
La Costilla (Cueva),2,Profundo,2,H. fulgens,6,100+,15
La Costilla (Cueva),2,Profundo,3,H. fulgens,10,100+,12
La Costilla (Cueva),2,Profundo,4,H. fulgens,12,100-,14
La Costilla (Cueva),2,Profundo,5,H. fulgens,17,70-,11
La Costilla (Cueva),2,Profundo,6,H. fulgens,20,80+,11
La Costilla (Punta Norte),1,Profundo,1,H. fulgens,1,70-,13
La Costilla (Punta Norte),1,Profundo,2,H. fulgens,2,80-,15
La Costilla (Punta Norte),1,Profundo,3,H. fulgens,26,30+,11
La Costilla (Punta Norte),1,Profundo,4,H. fulgens,28,20+,10
La Costilla (Punta Norte),1,Somero,1,H. fulgens,1,10-,16
La Costilla (Punta Norte),1,Somero,2,H. fulgens,4,100-,13
La Costilla (Punta Norte),1,Somero,3,H. fulgens,4,100-,14
La Costilla (Punta Norte),1,Somero,4,H. fulgens,4,100-,14
La Costilla (Punta Norte),1,Somero,5,H. fulgens,6,80-,14
La Costilla (Punta Norte),1,Somero,6,H. fulgens,7,60-,17
La Costilla (Punta Norte),1,Somero,7,H. fulgens,9,30+,15
La Costilla (Punta Norte),1,Somero,8,H. fulgens,9,30+,13
La Costilla (Punta Norte),1,Somero,9,H. fulgens,9,30+,11
La Costilla (Punta Norte),1,Somero,11,H. fulgens,13,50+,15
La Costilla (Punta Norte),1,Somero,12,H. fulgens,14,60+,10
La Costilla (Punta Norte),1,Somero,13,H. fulgens,15,30+,14
La Costilla (Punta Norte),1,Somero,14,H. fulgens,23,100-,17
La Costilla (Punta Norte),1,Somero,15,H. fulgens,25,10-,14
La Costilla (Punta Norte),1,Somero,16,H. fulgens,25,10-,13
La Costilla (Punta Norte),1,Somero,17,H. fulgens,26,40-,14
La Costilla (Punta Norte),1,Somero,18,H. fulgens,26,40-,15
La Costilla (Punta Norte),1,Somero,19,H. fulgens,26,40-,13
La Costilla (Punta Norte),1,Somero,20,H. fulgens,26,40-,16
La Costilla (Punta Norte),1,Somero,21,H. fulgens,29,20-,14
La Costilla (Punta Norte),1,Somero,22,H. fulgens,29,20-,14
La Costilla (Punta Norte),1,Somero,23,H. fulgens,29,20-,16
La Costilla (Punta Norte),1,Somero,24,H. fulgens,29,20-,15
La Costilla (Punta Norte),1,Somero,25,H. fulgens,30,70-,11
La Costilla (Punta Norte),1,Somero,26,H. fulgens,30,80+,15
La Costilla (S),1,Profundo,1,H. fulgens,1,30+,12
La Costilla (S),1,Profundo,2,H. fulgens,2,20+,12
La Costilla (S),1,Profundo,3,H. fulgens,3,90-,14
La Costilla (S),1,Profundo,4,H. fulgens,4,70+,15
La Costilla (S),1,Profundo,5,H. fulgens,5,10-,13
La Costilla (S),1,Somero,1,H. fulgens,1,60+,11
La Costilla (S),1,Somero,2,H. fulgens,2,40-,12
La Costilla (S),1,Somero,3,H. fulgens,3,30+,15
La Costilla (S),1,Somero,4,H. fulgens,4,80+,15
La Costilla (S),1,Somero,5,H. fulgens,5,10-,14
La Costilla (S),1,Somero,6,H. fulgens,6,20-,13
La Costilla (S),1,Somero,7,H. fulgens,7,40+,16
La Costilla (S),1,Somero,8,H. fulgens,8,70+,12
La Mona,1,Profundo,1,H. fulgens,30,30+,14
La Mona,1,Somero,1,H. fulgens,24,70-,14
La Mona,1,Somero,2,H. fulgens,24,20-,13
La Mona,1,Somero,3,H. fulgens,18,70-,15
La Mona,1,Somero,4,H. fulgens,18,50+,16
La Mona,1,Somero,5,H. fulgens,16,25+,16
La Mona,1,Somero,6,H. fulgens,16,25+,15
La Mona,1,Somero,7,H. fulgens,16,35+,17
La Mona,1,Somero,8,H. fulgens,16,35+,14
La Mona,1,Somero,9,H. fulgens,15,100+,16
La Mona,1,Somero,10,H. fulgens,12,70+,13
La Mona,1,Somero,11,H. fulgens,12,30-,11
La Mona,1,Somero,12,H. fulgens,12,30-,12
La Mona,1,Somero,13,H. fulgens,10,30-,13
La Mona,1,Somero,14,H. fulgens,10,20+,14
La Mona,1,Somero,15,H. fulgens,10,30-,16
La Mona,1,Somero,16,H. fulgens,10,30-,11
La Mona,1,Somero,17,H. fulgens,5,0,13
La Mona,2,Somero,1,H. fulgens,28,30-,15
La Mona,2,Somero,2,H. fulgens,28,20+,14
La Mona,2,Somero,3,H. fulgens,27,10+,15
La Mona,2,Somero,4,H. fulgens,26,30+,17
La Mona,2,Somero,5,H. fulgens,26,20+,15
La Mona,2,Somero,6,H. fulgens,25,40+,15
La Mona,2,Somero,7,H. fulgens,23,100+,14
La Mona,2,Somero,8,H. fulgens,20,10+,13
La Mona,2,Somero,9,H. fulgens,20,20+,15
La Mona,2,Somero,10,H. fulgens,20,20+,17
La Mona,2,Somero,11,H. fulgens,20,30-,15
La Mona,2,Somero,12,H. fulgens,20,40-,13
La Mona,2,Somero,13,H. fulgens,20,40-,12
La Mona,2,Somero,14,H. fulgens,19,30+,14
La Mona,2,Somero,15,H. fulgens,19,30+,15
La Mona,2,Somero,16,H. fulgens,18,0,13
La Mona,2,Somero,17,H. fulgens,18,40-,14
La Mona,2,Somero,18,H. fulgens,17,15+,14
La Mona,2,Somero,19,H. fulgens,16,30+,16
La Mona,2,Somero,20,H. fulgens,8,20-,6
La Mona,2,Somero,21,H. fulgens,8,20+,13
La Plancha,1,Somero,1,H. fulgens,30,20+,17
La Plancha,1,Somero,2,H. fulgens,30,30+,16
La Plancha,1,Somero,3,H. fulgens,24,0,14
La Plancha,1,Somero,4,H. fulgens,23,20-,17
La Plancha,1,Somero,5,H. fulgens,21,15-,16
La Plancha,1,Somero,6,H. fulgens,21,20-,17
La Plancha,1,Somero,7,H. fulgens,21,20-,16
La Plancha,1,Somero,8,H. fulgens,20,20+,17
La Plancha,1,Somero,9,H. fulgens,20,40+,16
La Plancha,1,Somero,10,H. fulgens,20,40-,17
La Plancha,1,Somero,11,H. fulgens,20,0,14
La Plancha,1,Somero,12,H. fulgens,19,40+,17
La Plancha,1,Somero,13,H. fulgens,17,20-,16
La Plancha,1,Somero,14,H. fulgens,17,30-,16
La Plancha,1,Somero,15,H. fulgens,17,30-,17
La Plancha,1,Somero,16,H. fulgens,17,30-,5
La Plancha,1,Somero,17,H. fulgens,17,40-,15
La Plancha,1,Somero,18,H. fulgens,17,50-,17
La Plancha,1,Somero,19,H. fulgens,17,35-,15
La Plancha,1,Somero,20,H. fulgens,16,0,16
La Plancha,1,Somero,21,H. fulgens,16,0,15
La Plancha,1,Somero,22,H. fulgens,16,0,18
La Plancha,1,Somero,23,H. fulgens,15,90-,18
La Plancha,1,Somero,24,H. fulgens,15,50-,17
La Plancha,1,Somero,25,H. fulgens,15,20+,16
La Plancha,1,Somero,26,H. fulgens,15,40+,18
La Plancha,1,Somero,27,H. fulgens,14,40-,17
La Plancha,1,Somero,28,H. fulgens,14,40-,16
La Plancha,1,Somero,29,H. fulgens,14,30-,17
La Plancha,1,Somero,30,H. fulgens,14,30-,16
La Plancha,1,Somero,31,H. fulgens,13,0,17
La Plancha,1,Somero,32,H. fulgens,13,0,18
La Plancha,1,Somero,33,H. fulgens,11,20-,10
La Plancha,1,Somero,34,H. fulgens,11,10-,9
La Plancha,1,Somero,35,H. fulgens,8,0,15
La Plancha,1,Somero,36,H. fulgens,8,0,13
La Plancha,1,Somero,37,H. fulgens,4,20+,16
La Plancha,1,Somero,38,H. fulgens,3,10+,15
La Plancha,1,Somero,39,H. fulgens,3,20+,18
La Plancha,1,Somero,40,H. fulgens,3,50+,17
La Plancha,1,Somero,41,H. fulgens,2,30+,19
La Plancha,1,Somero,42,H. fulgens,2,20-,11
La Plancha,2,Somero,1,H. fulgens,30,20+,18
La Plancha,2,Somero,2,H. fulgens,30,30+,17
La Plancha,2,Somero,3,H. fulgens,29,15+,10
La Plancha,2,Somero,4,H. fulgens,29,0,15
La Plancha,2,Somero,5,H. fulgens,29,0,16
La Plancha,2,Somero,6,H. fulgens,28,20-,18
La Plancha,2,Somero,7,H. fulgens,27,15-,17
La Plancha,2,Somero,8,H. fulgens,27,10-,18
La Plancha,2,Somero,9,H. fulgens,24,0,17
La Plancha,2,Somero,10,H. fulgens,24,0,16
La Plancha,2,Somero,11,H. fulgens,24,15+,15
La Plancha,2,Somero,12,H. fulgens,21,50+,16
La Plancha,2,Somero,13,H. fulgens,21,50+,16
La Plancha,2,Somero,14,H. fulgens,21,50+,14
La Plancha,2,Somero,15,H. fulgens,20,30-,10
La Plancha,2,Somero,16,H. fulgens,19,20-,13
La Plancha,2,Somero,17,H. fulgens,19,15+,18
La Plancha,2,Somero,18,H. fulgens,18,15+,16
La Plancha,2,Somero,19,H. fulgens,18,30-,15
La Plancha,2,Somero,20,H. fulgens,18,50-,16
La Plancha,2,Somero,21,H. fulgens,16,40+,17
La Plancha,2,Somero,22,H. fulgens,16,90+,16
La Plancha,2,Somero,23,H. fulgens,16,30+,17
La Plancha,2,Somero,24,H. fulgens,16,20-,15
La Plancha,2,Somero,25,H. fulgens,14,15-,10
La Plancha,2,Somero,26,H. fulgens,14,0,16
La Plancha,2,Somero,27,H. fulgens,13,0,17
La Plancha,2,Somero,28,H. fulgens,13,0,18
La Plancha,2,Somero,29,H. fulgens,13,15+,11
La Plancha,2,Somero,30,H. fulgens,10,60+,17
La Plancha,2,Somero,31,H. fulgens,9,30+,16
La Plancha,2,Somero,32,H. fulgens,9,20-,16
La Plancha,2,Somero,33,H. fulgens,8,15-,12
La Plancha,2,Somero,34,H. fulgens,6,15-,16
La Plancha,2,Somero,35,H. fulgens,6,50-,11
La Plancha,2,Somero,36,H. fulgens,5,0,17
La Plancha,2,Somero,37,H. fulgens,5,0,16
La Plancha,2,Somero,38,H. fulgens,4,15+,16
La Plancha,2,Somero,39,H. fulgens,4,20+,18
La Plancha,2,Somero,40,H. fulgens,3,0,10
La Plancha,2,Somero,41,H. fulgens,3,20+,15
La Plancha,2,Somero,42,H. fulgens,3,30+,14
La Ventana,2,Profundo,1,H. corrugata,12,30-,15
La Ventana,1,Profundo,1,H. fulgens,8,0,11
Punta Sur,1,Profundo,1,H. fulgens,2,30-,16
Punta Sur,1,Profundo,2,H. fulgens,3,20-,16
Punta Sur,1,Profundo,3,H. fulgens,5,40+,15
Punta Sur,1,Profundo,4,H. fulgens,9,30-,15
Punta Sur,1,Profundo,5,H. fulgens,17,10+,16
Punta Sur,1,Profundo,6,H. fulgens,21,10+,15
Punta Sur,1,Profundo,7,H. fulgens,22,70-,14
Punta Sur,1,Profundo,8,H. fulgens,23,60-,14
Punta Sur,1,Profundo,9,H. fulgens,29,20+,13
Punta Sur,1,Profundo,10,H. fulgens,29,20+,15
Punta Sur,2,Profundo,1,H. fulgens,3,10-,15
Punta Sur,2,Profundo,2,H. fulgens,7,60+,14
Punta Sur,2,Profundo,3,H. fulgens,11,80-,14
Punta Sur,2,Profundo,4,H. fulgens,13,30+,13
Punta Sur,2,Profundo,5,H. fulgens,21,20+,14
Punta Sur,2,Profundo,6,H. fulgens,25,20-,14
Punta Sur,2,Profundo,7,H. fulgens,26,40-,15
Cerro Alto,1,Somero,1,H. fulgens,1,10+,16
Cerro Alto,1,Somero,2,H. fulgens,1,10+,15
Cerro Alto,1,Somero,3,H. fulgens,2,30-,16
Cerro Alto,1,Somero,4,H. fulgens,3,30-,12
Cerro Alto,1,Somero,5,H. fulgens,3,30-,13
Cerro Alto,1,Somero,6,H. fulgens,3,30-,14
Cerro Alto,1,Somero,7,H. fulgens,3,30-,14
Cerro Alto,1,Somero,8,H. fulgens,9,40-,13
Cerro Alto,1,Somero,9,H. fulgens,9,40-,14
Cerro Alto,1,Somero,10,H. fulgens,10,90+,12
Cerro Alto,1,Somero,11,H. fulgens,24,70-,12
Cerro Alto,1,Somero,12,H. fulgens,24,70-,13
Cerro Alto,1,Somero,13,H. fulgens,24,70-,14
Cerro Alto,1,Somero,14,H. fulgens,24,70-,12
Cerro Alto,1,Somero,15,H. fulgens,26,30+,14
Cerro Alto,1,Somero,16,H. fulgens,26,30+,11
Cerro Alto,1,Somero,17,H. fulgens,26,40+,14
Cerro Alto,1,Somero,18,H. fulgens,27,10+,13
Cerro Alto,1,Somero,19,H. fulgens,27,50+,15
Cerro Alto,1,Somero,20,H. fulgens,29,60-,17
Cerro Alto,1,Somero,21,H. fulgens,29,10-,15
Cerro Alto,1,Profundo,1,H. fulgens,6,20+,14
Cerro Alto,1,Profundo,2,H. fulgens,6,20+,12
Cerro Alto,1,Profundo,3,H. fulgens,11,30-,15
Cerro Alto,1,Profundo,4,H. fulgens,11,30-,16
Cerro Alto,1,Profundo,5,H. fulgens,14,40+,13
Cerro Alto,1,Profundo,6,H. fulgens,14,40+,13
Cerro Alto,1,Profundo,7,H. fulgens,17,20+,11
Cerro Alto,1,Profundo,8,H. fulgens,21,30+,13
Cerro Alto,1,Profundo,9,H. fulgens,21,30+,11
Cerro Alto,1,Profundo,10,H. fulgens,23,10-,17
Cerro Alto,1,Profundo,11,H. fulgens,23,20-,13
Cerro Alto,1,Profundo,12,H. fulgens,26,10-,14
Cerro Alto,1,Profundo,13,H. fulgens,28,10-,14
Cerro Alto,1,Profundo,14,H. fulgens,28,10-,15
Cerro Alto,1,Profundo,15,H. fulgens,28,10-,12
Cerro Alto,1,Profundo,16,H. fulgens,29,100+,16
Cerro Alto,2,Somero,1,H. fulgens,1,10+,13
Cerro Alto,2,Somero,2,H. fulgens,1,10+,14
Cerro Alto,2,Somero,3,H. fulgens,1,10+,11
Cerro Alto,2,Somero,4,H. fulgens,1,10+,13
Cerro Alto,2,Somero,5,H. fulgens,1,10+,6
Cerro Alto,2,Somero,6,H. fulgens,1,70+,16
Cerro Alto,2,Somero,7,H. fulgens,1,80+,14
Cerro Alto,2,Somero,8,H. fulgens,3,40+,11
Cerro Alto,2,Somero,9,H. fulgens,3,40+,7
Cerro Alto,2,Somero,10,H. fulgens,5,60+,14
Cerro Alto,2,Somero,11,H. fulgens,5,80+,13
Cerro Alto,2,Somero,12,H. fulgens,5,80+,14
Cerro Alto,2,Somero,13,H. fulgens,6,60+,12
Cerro Alto,2,Somero,14,H. fulgens,6,60+,14
Cerro Alto,2,Somero,15,H. fulgens,6,60+,13
Cerro Alto,2,Somero,16,H. fulgens,6,60+,14
Cerro Alto,2,Somero,17,H. fulgens,6,60+,13
Cerro Alto,2,Somero,18,H. fulgens,6,60+,11
Cerro Alto,2,Somero,19,H. fulgens,6,60+,16
Cerro Alto,2,Somero,20,H. fulgens,6,60+,9
Cerro Alto,2,Somero,21,H. fulgens,6,60+,12
Cerro Alto,2,Somero,22,H. fulgens,6,60+,15
Cerro Alto,2,Somero,23,H. fulgens,11,50+,17
Cerro Alto,2,Somero,24,H. fulgens,11,50+,16
Cerro Alto,2,Somero,25,H. fulgens,17,20+,11
Cerro Alto,2,Somero,26,H. fulgens,17,20+,17
Cerro Alto,2,Somero,27,H. fulgens,21,40-,14
Cerro Alto,2,Somero,28,H. fulgens,27,100-,12
Cerro Alto,2,Profundo,1,H. fulgens,1,10-,16
Cerro Alto,2,Profundo,2,H. fulgens,10,70+,14
Cerro Alto,2,Profundo,3,H. fulgens,10,70+,15
Cerro Alto,2,Profundo,4,H. fulgens,10,70+,13
Cerro Alto,2,Profundo,5,H. fulgens,11,100+,12
Cerro Alto,2,Profundo,6,H. fulgens,11,100+,9
Cerro Alto,2,Profundo,7,H. fulgens,11,90+,16
Cerro Alto,2,Profundo,8,H. fulgens,12,100+,17
Cerro Alto,2,Profundo,9,H. fulgens,15,100+,15
Cerro Alto,2,Profundo,10,H. fulgens,15,80+,14
Cerro Alto,2,Profundo,11,H. fulgens,15,80+,16
Cerro Alto,2,Profundo,12,H. fulgens,17,70-,14
Cerro Alto,2,Profundo,13,H. fulgens,17,70-,16
Cerro Alto,2,Profundo,14,H. fulgens,20,80+,16
Arroyitos,1,Somero,1,H. fulgens,1,20-,13
Arroyitos,1,Somero,2,H. fulgens,1,20-,14
Arroyitos,1,Somero,3,H. fulgens,2,30-,13
Arroyitos,1,Somero,4,H. fulgens,2,30-,9
Arroyitos,1,Somero,5,H. fulgens,2,30-,12
Arroyitos,1,Somero,6,H. fulgens,3,20+,12
Arroyitos,1,Somero,7,H. fulgens,4,30+,11
Arroyitos,1,Somero,8,H. fulgens,4,10+,15
Arroyitos,1,Somero,9,H. fulgens,4,30-,13
Arroyitos,1,Somero,10,H. fulgens,5,20-,13
Arroyitos,1,Somero,11,H. fulgens,5,20-,13
Arroyitos,1,Somero,12,H. fulgens,5,40-,14
Arroyitos,1,Somero,13,H. fulgens,6,40-,12
Arroyitos,1,Somero,14,H. fulgens,7,10-,14
Arroyitos,1,Somero,15,H. fulgens,7,10-,14
Arroyitos,1,Somero,16,H. fulgens,7,10-,12
Arroyitos,1,Somero,17,H. fulgens,7,10-,13
Arroyitos,1,Somero,18,H. fulgens,7,10-,15
Arroyitos,1,Somero,19,H. fulgens,8,10+,11
Arroyitos,1,Somero,20,H. fulgens,9,80+,13
Arroyitos,1,Somero,21,H. fulgens,9,70-,13
Arroyitos,1,Somero,22,H. fulgens,9,70-,14
Arroyitos,1,Somero,23,H. fulgens,12,80-,13
Arroyitos,1,Somero,24,H. fulgens,13,50-,15
Arroyitos,1,Somero,25,H. fulgens,13,50-,14
Arroyitos,1,Somero,26,H. fulgens,14,30-,9
Arroyitos,1,Somero,27,H. fulgens,15,20+,12
Arroyitos,1,Somero,28,H. fulgens,15,20+,12
Arroyitos,1,Somero,29,H. fulgens,16,10+,11
Arroyitos,1,Somero,30,H. fulgens,17,100-,16
Arroyitos,1,Somero,31,H. fulgens,18,90-,12
Arroyitos,1,Somero,32,H. fulgens,18,90-,13
Arroyitos,1,Somero,33,H. fulgens,18,90-,13
Arroyitos,1,Somero,34,H. fulgens,19,70-,14
Arroyitos,1,Somero,35,H. fulgens,19,70-,13
Arroyitos,1,Somero,36,H. fulgens,20,10-,14
Arroyitos,1,Somero,37,H. fulgens,22,30-,11
Arroyitos,1,Somero,38,H. fulgens,22,30-,14
Arroyitos,1,Somero,39,H. fulgens,22,30-,13
Arroyitos,1,Somero,40,H. fulgens,22,30-,12
Arroyitos,1,Somero,41,H. fulgens,24,50-,14
Arroyitos,1,Somero,42,H. fulgens,24,50-,14
Arroyitos,1,Somero,43,H. fulgens,25,20-,13
Arroyitos,1,Somero,44,H. fulgens,25,30-,11
Arroyitos,1,Somero,45,H. fulgens,25,30-,10
Arroyitos,1,Somero,46,H. fulgens,26,40-,14
Arroyitos,1,Somero,47,H. fulgens,26,40-,14
Arroyitos,1,Somero,48,H. fulgens,26,40-,13
Arroyitos,1,Somero,49,H. fulgens,27,10-,15
Arroyitos,1,Somero,50,H. fulgens,27,10-,14
Arroyitos,1,Somero,51,H. fulgens,27,10-,11
Arroyitos,1,Somero,52,H. fulgens,27,10-,13
Arroyitos,2,Somero,1,H. fulgens,1,10-,9
Arroyitos,2,Somero,2,H. fulgens,1,10-,10
Arroyitos,2,Somero,3,H. fulgens,1,10-,12
Arroyitos,2,Somero,4,H. fulgens,2,30+,12
Arroyitos,2,Somero,5,H. fulgens,2,30-,12
Arroyitos,2,Somero,6,H. fulgens,3,40+,14
Arroyitos,2,Somero,7,H. fulgens,3,40+,10
Arroyitos,2,Somero,8,H. fulgens,5,50+,14
Arroyitos,2,Somero,9,H. fulgens,5,50+,12
Arroyitos,2,Somero,10,H. fulgens,6,40+,9
Arroyitos,2,Somero,11,H. fulgens,6,30+,11
Arroyitos,2,Somero,12,H. fulgens,6,30+,12
Arroyitos,2,Somero,13,H. fulgens,7,60+,9
Arroyitos,2,Somero,14,H. fulgens,8,70+,11
Arroyitos,2,Somero,15,H. fulgens,8,70+,12
Arroyitos,2,Somero,16,H. fulgens,10,30+,14
Arroyitos,2,Somero,17,H. fulgens,10,30+,12
Arroyitos,2,Somero,18,H. fulgens,10,30+,10
Arroyitos,2,Somero,19,H. fulgens,10,30+,9
Arroyitos,2,Somero,20,H. fulgens,10,30+,12
Arroyitos,2,Somero,21,H. fulgens,10,30+,13
Arroyitos,2,Somero,22,H. fulgens,10,30+,11
Arroyitos,2,Somero,23,H. fulgens,10,30+,12
Arroyitos,2,Somero,24,H. fulgens,11,40+,7
Arroyitos,2,Somero,25,H. fulgens,12,50+,7
Arroyitos,2,Somero,26,H. fulgens,12,50+,9
Arroyitos,2,Somero,27,H. fulgens,13,60+,11
Arroyitos,2,Somero,28,H. fulgens,15,70-,11
Arroyitos,2,Somero,29,H. fulgens,16,50+,11
Arroyitos,2,Somero,30,H. fulgens,16,50+,9
Arroyitos,2,Somero,31,H. fulgens,16,50+,12
Arroyitos,2,Somero,32,H. fulgens,16,50+,7
Arroyitos,2,Somero,33,H. fulgens,17,90+,12
Arroyitos,2,Somero,34,H. fulgens,17,90+,14
Arroyitos,2,Somero,35,H. fulgens,19,80-,13
Arroyitos,2,Somero,36,H. fulgens,19,80-,12
Arroyitos,2,Somero,37,H. fulgens,20,20-,12
Arroyitos,2,Somero,38,H. fulgens,20,80-,10
Arroyitos,2,Somero,39,H. fulgens,21,60+,11
Arroyitos,2,Somero,40,H. fulgens,24,40+,12
Arroyitos,2,Somero,41,H. fulgens,24,60+,12
Faro Norte,1,Somero,1,H. fulgens,20,0,13
Faro Norte,1,Somero,1,H. fulgens,20,0,13
Faro Norte,1,Somero,2,H. fulgens,20,70+,15
Faro Norte,1,Somero,3,H. fulgens,25,100+,7
Faro Norte,1,Somero,4,H. fulgens,25,70-,9
Faro Norte,1,Somero,5,H. fulgens,23,60+,10
Faro Norte,1,Somero,6,H. fulgens,26,50-,9
Faro Norte,1,Somero,7,H. fulgens,28,30+,7
Faro Norte,1,Somero,8,H. fulgens,29,40+,8
Faro Norte,1,Somero,9,H. fulgens,18,30+,7
Faro Norte,1,Somero,10,H. fulgens,17,30-,7
Chango,1,Profundo,1,H. fulgens,27,70+,13
Chango,1,Profundo,2,H. fulgens,24,50-,11
Chango,1,Profundo,3,H. fulgens,18,30+,15
Chango,1,Profundo,4,H. fulgens,15,0,13
Chango,1,Profundo,5,H. fulgens,12,0,12
Chango,1,Profundo,6,H. fulgens,9,20-,13
Chango,1,Profundo,7,H. fulgens,9,0,8
Chango,1,Profundo,8,H. fulgens,7,40-,11
Chango,1,Profundo,9,H. fulgens,2,20-,11
Chango,1,Profundo,10,H. fulgens,6,0,16
Chango,1,Profundo,11,H. fulgens,2,40-,17
Chango,1,Somero,1,H. fulgens,9,0,8
Chango,1,Somero,2,H. fulgens,9,0,10
Chango,1,Somero,3,H. fulgens,9,0,5
Chango,1,Somero,4,H. fulgens,10,0,8
Chango,1,Somero,5,H. fulgens,10,0,8
Chango,1,Somero,6,H. fulgens,10,0,8
Chango,1,Somero,7,H. fulgens,10,0,4
Chango,1,Somero,8,H. fulgens,10,0,4
Chango,1,Somero,9,H. fulgens,10,0,4
Chango,1,Somero,10,H. fulgens,10,0,5
Chango,1,Somero,11,H. fulgens,10,0,4
Chango,1,Somero,12,H. fulgens,10,0,8
Chango,1,Somero,13,H. fulgens,10,0,8
Chango,1,Somero,14,H. fulgens,10,0,7
Chango,1,Somero,15,H. fulgens,10,0,7
Chango,1,Somero,16,H. fulgens,12,0,6
Chango,1,Somero,17,H. fulgens,12,0,8
Chango,1,Somero,18,H. fulgens,12,0,10
Chango,1,Somero,19,H. fulgens,12,0,11
Chango,1,Somero,20,H. fulgens,12,0,12
Chango,1,Somero,21,H. fulgens,12,0,7
Chango,1,Somero,22,H. fulgens,12,0,6
Chango,1,Somero,23,H. fulgens,12,0,3
Chango,1,Somero,24,H. fulgens,12,0,10
Chango,1,Somero,25,H. fulgens,12,0,4
Chango,1,Somero,26,H. fulgens,12,0,5
Chango,1,Somero,27,H. fulgens,12,0,6
Chango,2,Profundo,1,H. fulgens,1,20+,11
Chango,2,Profundo,2,H. fulgens,2,30+,15
Chango,2,Profundo,3,H. fulgens,2,40+,13
Chango,2,Profundo,4,H. fulgens,2,40+,14
Chango,2,Profundo,5,H. fulgens,3,0,13
Chango,2,Profundo,6,H. fulgens,3,0,12
Chango,2,Profundo,7,H. fulgens,3,40-,13
Chango,2,Profundo,8,H. fulgens,6,50+,12
Chango,2,Profundo,9,H. fulgens,6,60+,11
Chango,2,Profundo,10,H. fulgens,18,20-,12
Chango,2,Somero,1,H. fulgens,5,0,6
Chango,2,Somero,2,H. fulgens,5,0,5
Chango,2,Somero,3,H. fulgens,5,0,8
Chango,2,Somero,4,H. fulgens,5,30-,5
Chango,2,Somero,5,H. fulgens,5,30-,10
Chango,2,Somero,6,H. fulgens,5,30-,6
Chango,2,Somero,7,H. fulgens,6,0,8
Chango,2,Somero,8,H. fulgens,6,0,10
Chango,2,Somero,9,H. fulgens,6,0,6
Chango,2,Somero,10,H. fulgens,7,0,8
Chango,2,Somero,11,H. fulgens,7,0,8
Chango,2,Somero,12,H. fulgens,7,15-,6
Chango,2,Somero,13,H. fulgens,7,20+,6
Chango,2,Somero,14,H. fulgens,7,30+,5
Chango,2,Somero,15,H. fulgens,7,20-,5
Chango,2,Somero,16,H. fulgens,7,15+,4
Chango,2,Somero,17,H. fulgens,7,60-,6
Chango,2,Somero,18,H. fulgens,7,80+,6
Chango,2,Somero,19,H. fulgens,7,100-,5
Chango,2,Somero,20,H. fulgens,7,100+,6
Chango,2,Somero,21,H. fulgens,7,35+,6
Chango,2,Somero,22,H. fulgens,7,20-,6
Chango,2,Somero,23,H. fulgens,14,40-,8
Chango,2,Somero,24,H. fulgens,15,40+,16
Chango,2,Somero,25,H. fulgens,15,0,10
Chango,2,Somero,26,H. fulgens,16,20+,13
Chango,2,Somero,27,H. fulgens,16,10-,13
Chango,2,Somero,28,H. fulgens,16,40+,12
Chango,2,Somero,29,H. fulgens,16,40-,7
Chango,2,Somero,30,H. fulgens,16,60+,7
Chango,2,Somero,31,H. fulgens,17,80-,11
Chango,2,Somero,32,H. fulgens,17,80-,14
Chango,2,Somero,33,H. fulgens,17,80-,11
Chango,2,Somero,34,H. fulgens,18,100+,14
Chango,2,Somero,35,H. fulgens,18,60-,15
Chango,2,Somero,36,H. fulgens,18,30+,14
Chango,2,Somero,37,H. fulgens,19,80-,15
Chango,2,Somero,38,H. fulgens,19,40+,9
Chango,2,Somero,39,H. fulgens,19,30+,10
Chango,2,Somero,40,H. fulgens,18,20-,14
Chango,2,Somero,41,H. fulgens,18,15-,13
Chango,2,Somero,42,H. fulgens,18,70-,13
Chango,2,Somero,43,H. fulgens,18,70+,12
Chango,2,Somero,44,H. fulgens,18,40-,14
Chango,2,Somero,45,H. fulgens,19,90+,11
La Vela,1,Profundo,1,H. fulgens,1,0,12
La Vela,1,Profundo,2,H. fulgens,3,40-,8
La Vela,1,Profundo,3,H. fulgens,3,40+,15
La Vela,1,Profundo,4,H. fulgens,3,40-,11
La Vela,1,Profundo,5,H. fulgens,4,30-,14
La Vela,1,Profundo,6,H. fulgens,13,40+,10
La Vela,1,Profundo,7,H. fulgens,15,0,11
La Vela,1,Profundo,8,H. fulgens,15,0,12
La Vela,1,Profundo,9,H. fulgens,15,30+,13
La Vela,1,Profundo,10,H. fulgens,25,20+,13
La Vela,1,Profundo,11,H. fulgens,25,100+,13
La Vela,1,Profundo,12,H. fulgens,26,40+,18
La Vela,1,Profundo,13,H. fulgens,20,0,13
La Vela,2,Profundo,1,H. fulgens,2,20-,13
La Vela,2,Profundo,2,H. fulgens,15,70+,18
La Vela,2,Profundo,3,H. fulgens,19,50+,13
La Vela,2,Profundo,4,H. fulgens,22,0,15
La Vela,2,Somero,1,H. fulgens,3,40+,16
La Vela,2,Somero,2,H. fulgens,2,0,13
La Vela,2,Somero,3,H. fulgens,4,30-,15
La Vela,2,Somero,4,H. fulgens,4,30-,10
La Vela,2,Somero,5,H. fulgens,4,30-,10
La Vela,2,Somero,6,H. fulgens,4,30-,13
La Vela,2,Somero,7,H. fulgens,4,30-,11
La Vela,2,Somero,8,H. fulgens,5,30-,10
La Vela,2,Somero,9,H. fulgens,7,40-,14
La Vela,2,Somero,10,H. fulgens,10,100+,13
La Vela,2,Somero,11,H. fulgens,11,50-,14
La Vela,2,Somero,12,H. fulgens,15,50-,13
La Vela,1,Somero,1,H. fulgens,23,30-,10
La Vela,1,Somero,2,H. fulgens,23,30-,13
La Vela,1,Somero,3,H. fulgens,23,30-,13
La Vela,1,Somero,4,H. fulgens,23,30-,18
La Vela,1,Somero,5,H. fulgens,23,40+,16
La Vela,1,Somero,6,H. fulgens,23,50+,15
La Vela,1,Somero,7,H. fulgens,23,0,15
La Vela,1,Somero,8,H. fulgens,24,0,13
La Vela,1,Somero,9,H. fulgens,24,50+,15
La Vela,1,Somero,10,H. fulgens,24,10+,18
La Vela,1,Somero,11,H. fulgens,24,60+,14
La Vela,1,Somero,12,H. fulgens,28,0,13
La Vela,1,Somero,13,H. fulgens,28,0,12
La Vela,1,Somero,14,H. fulgens,28,0,12
La Vela,1,Somero,15,H. fulgens,20,0,18
La Vela,1,Somero,16,H. fulgens,22,0,12
La Vela,1,Somero,17,H. fulgens,20,0,13
La Vela,1,Somero,18,H. fulgens,18,0,11
La Vela,1,Somero,19,H. fulgens,16,0,13
La Vela,1,Somero,20,H. fulgens,13,30-,11
La Vela,1,Somero,21,H. fulgens,13,30-,13
La Vela,1,Somero,22,H. fulgens,13,30-,15
La Vela,1,Somero,23,H. fulgens,13,100+,12
La Vela,1,Somero,24,H. fulgens,13,100+,13
La Vela,1,Somero,25,H. fulgens,10,0,13
La Vela,1,Somero,26,H. fulgens,10,0,12
La Vela,1,Somero,27,H. fulgens,10,0,13
La Vela,1,Somero,28,H. fulgens,9,100+,13
La Vela,1,Somero,29,H. fulgens,9,100+,13
La Vela,1,Somero,30,H. fulgens,9,100+,13
La Vela,1,Somero,31,H. fulgens,8,0,13
La Vela,1,Somero,32,H. fulgens,6,40+,13
La Vela,1,Somero,33,H. fulgens,5,100-,16
La Vela,1,Somero,34,H. fulgens,4,50-,15
La Vela,1,Somero,35,H. fulgens,4,40+,13
La Vela,1,Somero,36,H. fulgens,2,20-,10
La Pucha,1,Profundo,1,H. fulgens,1,0,13
La Pucha,1,Profundo,2,H. fulgens,1,40-,13
La Pucha,1,Profundo,3,H. fulgens,7,0,12
La Pucha,1,Profundo,4,H. fulgens,7,60-,14
La Pucha,1,Profundo,5,H. fulgens,9,70+,13
La Pucha,1,Profundo,6,H. fulgens,10,0,13
La Pucha,1,Profundo,7,H. fulgens,10,0,13
La Pucha,1,Profundo,8,H. fulgens,10,0,14
La Pucha,1,Profundo,9,H. fulgens,10,0,12
La Pucha,1,Profundo,10,H. fulgens,11,50-,11
La Pucha,1,Profundo,11,H. fulgens,10,50+,13
La Pucha,1,Profundo,12,H. fulgens,10,30+,14
La Pucha,1,Profundo,13,H. fulgens,11,70+,13
La Pucha,1,Profundo,14,H. fulgens,18,100-,14
La Pucha,1,Profundo,15,H. fulgens,18,100+,13
La Pucha,1,Profundo,16,H. fulgens,18,0,13
La Pucha,1,Profundo,17,H. fulgens,18,30-,13
La Pucha,1,Profundo,18,H. fulgens,18,100-,17
La Pucha,1,Profundo,19,H. fulgens,18,100-,15
La Pucha,1,Profundo,20,H. fulgens,18,0,13
La Pucha,1,Profundo,21,H. fulgens,19,100-,14
La Pucha,1,Profundo,22,H. fulgens,19,100-,13
La Pucha,1,Profundo,23,H. fulgens,19,0,12
La Pucha,1,Profundo,24,H. fulgens,19,0,12
La Pucha,1,Profundo,25,H. fulgens,19,0,14
La Pucha,1,Profundo,26,H. fulgens,20,0,14
La Pucha,1,Profundo,27,H. fulgens,20,70+,13
La Pucha,1,Profundo,28,H. fulgens,27,60-,10
La Pucha,1,Profundo,29,H. fulgens,27,80-,13
La Pucha,1,Profundo,30,H. fulgens,29,100-,14
La Pucha,1,Profundo,31,H. fulgens,30,0,12
La Pucha,2,Profundo,1,H. fulgens,1,60+,13
La Pucha,2,Profundo,2,H. fulgens,1,60+,13
La Pucha,2,Profundo,3,H. fulgens,1,60+,12
La Pucha,2,Profundo,4,H. fulgens,2,70-,12
La Pucha,2,Profundo,5,H. fulgens,3,0,14
La Pucha,2,Profundo,6,H. fulgens,9,70-,13
La Pucha,2,Profundo,7,H. fulgens,10,0,10
La Pucha,2,Profundo,8,H. fulgens,10,100-,14
La Pucha,2,Profundo,9,H. fulgens,10,100-,13
La Pucha,2,Profundo,10,H. fulgens,10,100-,13
La Pucha,2,Profundo,11,H. fulgens,10,100-,13
La Pucha,2,Profundo,12,H. fulgens,18,0,11
La Pucha,2,Profundo,13,H. fulgens,20,100-,12
La Pucha,2,Profundo,14,H. fulgens,20,40+,14
La Pucha,2,Profundo,15,H. fulgens,23,70-,12
La Pucha,2,Profundo,16,H. fulgens,23,60+,14
La Pucha,2,Profundo,17,H. fulgens,29,0,13
La Pucha,2,Profundo,18,H. fulgens,30,0,13
